train_ID,origin,arrival,departure_time,arrival_time,delay,train_type,detection_date
13,M_N_CADORNA,LAVENO,399,503,0,1,2023-10-26
19,M_N_CADORNA,LAVENO,472,563,0,1,2023-10-26
20,LAVENO,M_N_CADORNA,398,489,0,1,2023-10-26
25,M_N_CADORNA,LAVENO,532,623,0,1,2023-10-26
26,LAVENO,M_N_CADORNA,458,549,0,1,2023-10-26
29,M_N_CADORNA,LAVENO,579,683,0,1,2023-10-26
30,LAVENO,M_N_CADORNA,518,609,0,1,2023-10-26
31,M_N_CADORNA,LAVENO,639,743,0,1,2023-10-26
32,MILANO_CENTRALE,DOMODOSSOLA,520,603,20,0,2023-10-26
35,DOMODOSSOLA,VENEZIA_SANTA_LUCIA,608,873,111,0,2023-10-26
36,MILANO_CENTRALE,DOMODOSSOLA,1040,1123,0,0,2023-10-26
37,DOMODOSSOLA,MILANO_CENTRALE,625,708,8,0,2023-10-26
39,DOMODOSSOLA,MILANO_CENTRALE,993,1076,16,0,2023-10-26
40,LAVENO,M_N_CADORNA,638,742,0,1,2023-10-26
41,DOMODOSSOLA,MILANO_CENTRALE,1277,1360,0,0,2023-10-26
44,VENEZIA_SANTA_LUCIA,DOMODOSSOLA,990,1255,12,0,2023-10-26
46,LAVENO,M_N_CADORNA,758,862,0,1,2023-10-26
47,M_N_CADORNA,LAVENO,832,923,0,1,2023-10-26
50,MILANO_CENTRALE,DOMODOSSOLA,452,535,12,0,2023-10-26
51,DOMODOSSOLA,MILANO_CENTRALE,564,647,7,0,2023-10-26
52,MILANO_CENTRALE,DOMODOSSOLA,690,773,10,0,2023-10-26
53,DOMODOSSOLA,MILANO_CENTRALE,805,888,8,0,2023-10-26
54,MILANO_CENTRALE,DOMODOSSOLA,929,1012,9,0,2023-10-26
55,M_N_CADORNA,LAVENO,939,1043,0,1,2023-10-26
56,MILANO_CENTRALE,DOMODOSSOLA,1100,1183,0,0,2023-10-26
58,LAVENO,M_N_CADORNA,938,1029,0,1,2023-10-26
59,DOMODOSSOLA,MILANO_CENTRALE,1217,1300,0,0,2023-10-26
61,M_N_CADORNA,LAVENO,1012,1103,0,1,2023-10-26
66,LAVENO,M_N_CADORNA,998,1102,0,1,2023-10-26
67,M_N_CADORNA,LAVENO,1072,1163,0,1,2023-10-26
70,LAVENO,M_N_CADORNA,1058,1149,0,1,2023-10-26
75,M_N_CADORNA,LAVENO,1132,1223,0,1,2023-10-26
78,LAVENO,M_N_CADORNA,1118,1222,0,1,2023-10-26
80,BOLOGNA_C.LE,BRENNERO,960,1198,10,0,2023-10-26
81,BRENNERO,BOLOGNA_C.LE,622,858,8,0,2023-10-26
82,VENEZIA_SANTA_LUCIA,BRENNERO,816,1069,1,0,2023-10-26
83,BRENNERO,BOLOGNA_C.LE,733,979,0,0,2023-10-26
84,BOLOGNA_C.LE,BRENNERO,724,960,12,0,2023-10-26
85,BRENNERO,VENEZIA_SANTA_LUCIA,858,1109,4,0,2023-10-26
86,VERONA_PORTA_NUOVA,BRENNERO,668,835,7,0,2023-10-26
87,BRENNERO,BOLOGNA_C.LE,983,1224,9,0,2023-10-26
89,BRENNERO,VERONA_PORTA_NUOVA,1094,1256,0,0,2023-10-26
110,COMO_NORD_LAGO,M_N_CADORNA,316,378,0,1,2023-10-26
114,COMO_NORD_LAGO,M_N_CADORNA,376,438,0,1,2023-10-26
117,M_N_CADORNA,COMO_NORD_LAGO,463,524,0,1,2023-10-26
122,COMO_NORD_LAGO,M_N_CADORNA,436,498,0,1,2023-10-26
123,M_N_CADORNA,COMO_NORD_LAGO,523,584,0,1,2023-10-26
126,COMO_NORD_LAGO,M_N_CADORNA,496,558,0,1,2023-10-26
129,M_N_CADORNA,COMO_NORD_LAGO,583,644,0,1,2023-10-26
131,M_N_CADORNA,COMO_NORD_LAGO,643,704,0,1,2023-10-26
132,COMO_NORD_LAGO,M_N_CADORNA,556,618,0,1,2023-10-26
135,M_N_CADORNA,COMO_NORD_LAGO,703,764,0,1,2023-10-26
136,COMO_NORD_LAGO,M_N_CADORNA,616,678,0,1,2023-10-26
140,COMO_NORD_LAGO,M_N_CADORNA,676,738,0,1,2023-10-26
141,M_N_CADORNA,COMO_NORD_LAGO,763,824,0,1,2023-10-26
144,COMO_NORD_LAGO,M_N_CADORNA,736,798,0,1,2023-10-26
145,M_N_CADORNA,COMO_NORD_LAGO,823,884,0,1,2023-10-26
146,COMO_NORD_LAGO,M_N_CADORNA,796,858,0,1,2023-10-26
149,M_N_CADORNA,COMO_NORD_LAGO,883,944,0,1,2023-10-26
150,COMO_NORD_LAGO,M_N_CADORNA,856,918,0,1,2023-10-26
151,CHIASSO,MILANO_CENTRALE,902,950,0,0,2023-10-26
153,CHIASSO,MILANO_CENTRALE,1135,1190,0,0,2023-10-26
154,COMO_NORD_LAGO,M_N_CADORNA,916,978,0,1,2023-10-26
155,M_N_CADORNA,COMO_NORD_LAGO,943,1004,0,1,2023-10-26
156,MILANO_CENTRALE,CHIASSO,490,550,0,0,2023-10-26
158,MILANO_CENTRALE,CHIASSO,610,670,0,0,2023-10-26
159,M_N_CADORNA,COMO_NORD_LAGO,1003,1064,0,1,2023-10-26
160,COMO_NORD_LAGO,M_N_CADORNA,976,1038,0,1,2023-10-26
165,M_N_CADORNA,COMO_NORD_LAGO,1063,1124,0,1,2023-10-26
166,COMO_NORD_LAGO,M_N_CADORNA,1036,1098,0,1,2023-10-26
168,COMO_NORD_LAGO,M_N_CADORNA,1066,1128,0,1,2023-10-26
169,M_N_CADORNA,COMO_NORD_LAGO,1093,1154,0,1,2023-10-26
170,COMO_NORD_LAGO,M_N_CADORNA,1096,1158,0,1,2023-10-26
173,M_N_CADORNA,COMO_NORD_LAGO,1123,1184,0,1,2023-10-26
176,COMO_NORD_LAGO,M_N_CADORNA,1156,1218,0,1,2023-10-26
178,COMO_NORD_LAGO,M_N_CADORNA,1186,1248,0,1,2023-10-26
179,M_N_CADORNA,COMO_NORD_LAGO,1183,1244,0,1,2023-10-26
180,COMO_NORD_LAGO,M_N_CADORNA,1216,1278,0,1,2023-10-26
183,M_N_CADORNA,COMO_NORD_LAGO,1243,1304,0,1,2023-10-26
184,BOLZANO,BRENNERO,501,581,31,0,2023-10-26
185,BRENNERO,BOLZANO,1250,1340,0,0,2023-10-26
187,M_N_CADORNA,COMO_NORD_LAGO,1303,1364,0,1,2023-10-26
188,COMO_NORD_LAGO,M_N_CADORNA,1336,1398,0,1,2023-10-26
191,M_N_CADORNA,COMO_NORD_LAGO,1363,1424,0,1,2023-10-26
230,LA_SPEZIA_CENTRALE,PADOVA,1030,1421,0,0,2023-10-26
231,PADOVA,LA_SPEZIA_CENTRALE,300,671,1,0,2023-10-26
232,PADOVA,LA_SPEZIA_CENTRALE,300,671,1,0,2023-10-26
233,PADOVA,LA_SPEZIA_CENTRALE,300,671,1,0,2023-10-26
234,LA_SPEZIA_CENTRALE,PADOVA,1030,1421,0,0,2023-10-26
235,LA_SPEZIA_CENTRALE,PADOVA,1030,1421,0,0,2023-10-26
270,ROMA_TERMINI,BOLOGNA_C.LE,1217,1395,0,0,2023-10-26
271,BOLOGNA_C.LE,ROMA_TERMINI,454,715,111,0,2023-10-26
294,ROMA_TERMINI,BOLOGNA_C.LE,1217,1395,0,0,2023-10-26
295,BOLOGNA_C.LE,ROMA_TERMINI,454,715,111,0,2023-10-26
303,M_N_CADORNA,MALPENSA_AEROPORTO_T2,267,310,0,1,2023-10-26
305,M_N_CADORNA,MALPENSA_AEROPORTO_T2,297,340,0,1,2023-10-26
307,CHIASSO,BOLOGNA_C.LE,542,750,0,0,2023-10-26
309,M_N_CADORNA,MALPENSA_AEROPORTO_T2,357,400,0,1,2023-10-26
310,VENEZIA_SANTA_LUCIA,CHIASSO,941,1161,23,0,2023-10-26
311,CHIASSO,VENEZIA_SANTA_LUCIA,668,888,6,0,2023-10-26
312,MILANO_CENTRALE,CHIASSO,431,479,1,0,2023-10-26
313,CHIASSO,MILANO_CENTRALE,604,652,2,0,2023-10-26
314,MILANO_CENTRALE,CHIASSO,554,602,4,0,2023-10-26
315,CHIASSO,MILANO_CENTRALE,720,770,0,0,2023-10-26
316,MILANO_CENTRALE,CHIASSO,672,720,2,0,2023-10-26
317,CHIASSO,MILANO_CENTRALE,843,891,1,0,2023-10-26
319,CHIASSO,MILANO_CENTRALE,959,1010,0,0,2023-10-26
320,MILANO_CENTRALE,CHIASSO,911,959,1,0,2023-10-26
321,CHIASSO,MILANO_CENTRALE,1082,1130,0,0,2023-10-26
322,MILANO_CENTRALE,CHIASSO,1029,1078,0,0,2023-10-26
323,CHIASSO,MILANO_CENTRALE,1202,1250,0,0,2023-10-26
324,MILANO_CENTRALE,CHIASSO,1150,1198,0,0,2023-10-26
325,CHIASSO,MILANO_CENTRALE,1322,1370,0,0,2023-10-26
326,GENOVA_P.PRINCIPE,CHIASSO,1089,1258,0,0,2023-10-26
328,MALPENSA_AEROPORTO_T2,M_N_CADORNA,530,574,0,1,2023-10-26
329,M_N_CADORNA,MALPENSA_AEROPORTO_T2,597,640,0,1,2023-10-26
330,MALPENSA_AEROPORTO_T2,M_N_CADORNA,560,604,0,1,2023-10-26
331,M_N_CADORNA,MALPENSA_AEROPORTO_T2,627,670,0,1,2023-10-26
332,MALPENSA_AEROPORTO_T2,M_N_CADORNA,590,634,0,1,2023-10-26
333,M_N_CADORNA,MALPENSA_AEROPORTO_T2,657,700,0,1,2023-10-26
334,MALPENSA_AEROPORTO_T2,M_N_CADORNA,620,664,0,1,2023-10-26
335,M_N_CADORNA,MALPENSA_AEROPORTO_T2,687,730,0,1,2023-10-26
336,MALPENSA_AEROPORTO_T2,M_N_CADORNA,650,694,0,1,2023-10-26
337,M_N_CADORNA,MALPENSA_AEROPORTO_T2,717,760,0,1,2023-10-26
338,MALPENSA_AEROPORTO_T2,M_N_CADORNA,680,724,0,1,2023-10-26
339,M_N_CADORNA,MALPENSA_AEROPORTO_T2,747,790,0,1,2023-10-26
340,MALPENSA_AEROPORTO_T2,M_N_CADORNA,710,754,0,1,2023-10-26
342,MALPENSA_AEROPORTO_T2,M_N_CADORNA,740,784,0,1,2023-10-26
343,M_N_CADORNA,MALPENSA_AEROPORTO_T2,777,820,0,1,2023-10-26
344,MALPENSA_AEROPORTO_T2,M_N_CADORNA,770,814,0,1,2023-10-26
345,M_N_CADORNA,MALPENSA_AEROPORTO_T2,807,850,0,1,2023-10-26
346,MALPENSA_AEROPORTO_T2,M_N_CADORNA,800,844,0,1,2023-10-26
347,M_N_CADORNA,MALPENSA_AEROPORTO_T2,837,880,0,1,2023-10-26
348,MALPENSA_AEROPORTO_T2,M_N_CADORNA,830,874,0,1,2023-10-26
349,M_N_CADORNA,MALPENSA_AEROPORTO_T2,867,910,0,1,2023-10-26
350,MALPENSA_AEROPORTO_T2,M_N_CADORNA,860,904,0,1,2023-10-26
351,M_N_CADORNA,MALPENSA_AEROPORTO_T2,897,940,0,1,2023-10-26
352,MALPENSA_AEROPORTO_T2,M_N_CADORNA,890,934,0,1,2023-10-26
353,M_N_CADORNA,MALPENSA_AEROPORTO_T2,927,970,0,1,2023-10-26
354,MALPENSA_AEROPORTO_T2,M_N_CADORNA,920,964,0,1,2023-10-26
355,M_N_CADORNA,MALPENSA_AEROPORTO_T2,957,1000,0,1,2023-10-26
356,MALPENSA_AEROPORTO_T2,M_N_CADORNA,950,994,0,1,2023-10-26
357,M_N_CADORNA,MALPENSA_AEROPORTO_T2,987,1030,0,1,2023-10-26
358,MALPENSA_AEROPORTO_T2,M_N_CADORNA,980,1024,0,1,2023-10-26
360,MALPENSA_AEROPORTO_T2,M_N_CADORNA,1010,1054,0,1,2023-10-26
361,M_N_CADORNA,MALPENSA_AEROPORTO_T2,1017,1060,0,1,2023-10-26
362,MALPENSA_AEROPORTO_T2,M_N_CADORNA,1040,1084,0,1,2023-10-26
365,M_N_CADORNA,MALPENSA_AEROPORTO_T2,1047,1090,0,1,2023-10-26
366,MALPENSA_AEROPORTO_T2,M_N_CADORNA,1070,1114,0,1,2023-10-26
367,M_N_CADORNA,MALPENSA_AEROPORTO_T2,1077,1120,0,1,2023-10-26
368,MALPENSA_AEROPORTO_T2,M_N_CADORNA,1100,1144,0,1,2023-10-26
371,M_N_CADORNA,MALPENSA_AEROPORTO_T2,1107,1150,0,1,2023-10-26
372,MALPENSA_AEROPORTO_T2,M_N_CADORNA,1130,1174,0,1,2023-10-26
374,MALPENSA_AEROPORTO_T2,M_N_CADORNA,1160,1204,0,1,2023-10-26
375,M_N_CADORNA,MALPENSA_AEROPORTO_T2,1137,1180,0,1,2023-10-26
377,M_N_CADORNA,MALPENSA_AEROPORTO_T2,1167,1210,0,1,2023-10-26
378,MALPENSA_AEROPORTO_T2,M_N_CADORNA,1190,1234,0,1,2023-10-26
379,M_N_CADORNA,MALPENSA_AEROPORTO_T2,1197,1240,0,1,2023-10-26
380,MALPENSA_AEROPORTO_T2,M_N_CADORNA,1220,1264,0,1,2023-10-26
382,MALPENSA_AEROPORTO_T2,M_N_CADORNA,1250,1294,0,1,2023-10-26
383,M_N_CADORNA,MALPENSA_AEROPORTO_T2,1227,1270,0,1,2023-10-26
384,MALPENSA_AEROPORTO_T2,M_N_CADORNA,1280,1324,0,1,2023-10-26
385,M_N_CADORNA,MALPENSA_AEROPORTO_T2,1257,1300,0,1,2023-10-26
386,MALPENSA_AEROPORTO_T2,M_N_CADORNA,1310,1354,0,1,2023-10-26
387,M_N_CADORNA,MALPENSA_AEROPORTO_T2,1287,1330,0,1,2023-10-26
388,MALPENSA_AEROPORTO_T2,M_N_CADORNA,1340,1384,0,1,2023-10-26
389,M_N_CADORNA,MALPENSA_AEROPORTO_T2,1317,1360,0,1,2023-10-26
390,MALPENSA_AEROPORTO_T2,M_N_CADORNA,1370,1414,0,1,2023-10-26
391,M_N_CADORNA,MALPENSA_AEROPORTO_T2,1347,1390,0,1,2023-10-26
392,MALPENSA_AEROPORTO_T2,M_N_CADORNA,1400,4,0,1,2023-10-26
393,M_N_CADORNA,MALPENSA_AEROPORTO_T2,1377,1420,0,1,2023-10-26
394,MALPENSA_AEROPORTO_T2,M_N_CADORNA,1430,34,0,1,2023-10-26
451,DOMODOSSOLA,MILANO_CENTRALE,929,1012,12,0,2023-10-26
500,GENOVA_BRIGNOLE,TORINO_P.NUOVA,408,525,0,0,2023-10-26
501,SESTRI_LEVANTE,NAPOLI_CENTRALE,306,750,1,0,2023-10-26
503,TORINO_P.NUOVA,GENOVA_P.PRINCIPE,362,483,0,0,2023-10-26
504,GENOVA_P.PRINCIPE,TORINO_P.NUOVA,565,672,2,0,2023-10-26
505,VENTIMIGLIA,ROMA_TERMINI,427,903,30,0,2023-10-26
510,SALERNO,TORINO_P.NUOVA,404,1066,6,0,2023-10-26
511,TORINO_P.NUOVA,SALERNO,652,1296,12,0,2023-10-26
518,ROMA_TERMINI,VENTIMIGLIA,969,1431,12,0,2023-10-26
519,TORINO_P.NUOVA,GENOVA_BRIGNOLE,1085,1212,0,0,2023-10-26
522,NAPOLI_CENTRALE,SESTRI_LEVANTE,1051,49,0,0,2023-10-26
533,ANCONA,ROMA_TERMINI,355,587,5,0,2023-10-26
534,ROMA_TERMINI,ANCONA,479,694,9,0,2023-10-26
540,ROMA_TERMINI,ANCONA,925,1148,3,0,2023-10-26
541,ANCONA,ROMA_TERMINI,953,1190,0,0,2023-10-26
546,ROMA_TERMINI,PERUGIA,1195,1342,0,0,2023-10-26
550,REGGIO_CALABRIA_CENTRALE,ROMA_TERMINI,392,830,18,0,2023-10-26
551,ROMA_TERMINI,REGGIO_CALABRIA_CENTRALE,563,1015,0,0,2023-10-26
552,REGGIO_CALABRIA_CENTRALE,ROMA_TERMINI,468,936,2,0,2023-10-26
553,ROMA_TERMINI,REGGIO_CALABRIA_CENTRALE,748,1209,2,0,2023-10-26
555,ROMA_TERMINI,REGGIO_CALABRIA_CENTRALE,869,1347,3,0,2023-10-26
556,REGGIO_CALABRIA_CENTRALE,ROMA_TERMINI,593,1056,2,0,2023-10-26
558,TARANTO,REGGIO_CALABRIA_CENTRALE,513,883,3,0,2023-10-26
559,TARANTO,REGGIO_CALABRIA_CENTRALE,513,883,3,0,2023-10-26
560,REGGIO_CALABRIA_CENTRALE,ROMA_TERMINI,927,1376,22,0,2023-10-26
561,ROMA_TERMINI,REGGIO_CALABRIA_CENTRALE,988,1439,2,0,2023-10-26
562,REGGIO_CALABRIA_CENTRALE,TARANTO,732,1132,2,0,2023-10-26
563,REGGIO_CALABRIA_CENTRALE,TARANTO,732,1132,2,0,2023-10-26
564,REGGIO_CALABRIA_CENTRALE,TARANTO,479,877,0,0,2023-10-26
565,REGGIO_CALABRIA_CENTRALE,TARANTO,479,877,0,0,2023-10-26
566,TARANTO,REGGIO_CALABRIA_CENTRALE,799,1203,13,0,2023-10-26
567,TARANTO,REGGIO_CALABRIA_CENTRALE,799,1203,13,0,2023-10-26
580,TERNI,MILANO_CENTRALE,433,863,128,0,2023-10-26
581,FIRENZE_S.M.N.,ROMA_TERMINI,338,500,0,0,2023-10-26
582,SALERNO,ROMA_TERMINI,328,514,0,0,2023-10-26
583,MILANO_CENTRALE,NAPOLI_CENTRALE,368,932,3,0,2023-10-26
584,TRIESTE_CENTRALE,ROMA_TERMINI,599,1170,0,0,2023-10-26
588,ROMA_TERMINI,TRIESTE_CENTRALE,621,1117,0,0,2023-10-26
589,ROMA_TERMINI,TRIESTE_CENTRALE,621,1117,0,0,2023-10-26
590,SALERNO,MILANO_CENTRALE,538,1157,0,0,2023-10-26
591,ROMA_TERMINI,SALERNO,1046,1230,0,0,2023-10-26
592,ROMA_TERMINI,TRIESTE_CENTRALE,929,1418,0,0,2023-10-26
593,ROMA_TERMINI,TRIESTE_CENTRALE,929,1418,0,0,2023-10-26
594,TRIESTE_CENTRALE,ROMA_TERMINI,810,1298,3,0,2023-10-26
595,TRIESTE_CENTRALE,ROMA_TERMINI,810,1298,3,0,2023-10-26
596,NAPOLI_CENTRALE,MILANO_CENTRALE,859,1397,0,0,2023-10-26
597,MILANO_CENTRALE,SALERNO,834,28,6,0,2023-10-26
598,ROMA_TERMINI,FIRENZE_S.M.N.,1095,1285,0,0,2023-10-26
603,BOLOGNA_C.LE,LECCE,491,1022,11,0,2023-10-26
604,PESCARA,MILANO_CENTRALE,428,826,6,0,2023-10-26
605,MILANO_CENTRALE,LECCE,441,1211,16,0,2023-10-26
606,BARI_CENTRALE,BOLOGNA_C.LE,359,784,4,0,2023-10-26
607,MILANO_PORTA_GARIBALDI,LECCE,561,1251,11,0,2023-10-26
608,LECCE,BOLOGNA_C.LE,381,900,0,0,2023-10-26
609,BOLOGNA_C.LE,LECCE,840,1369,0,0,2023-10-26
610,LECCE,BOLOGNA_C.LE,498,1020,0,0,2023-10-26
611,BOLOGNA_C.LE,BARI_CENTRALE,961,1392,1,0,2023-10-26
612,LECCE,MILANO_CENTRALE,517,1302,2,0,2023-10-26
613,MILANO_CENTRALE,PESCARA,907,1327,2,0,2023-10-26
614,LECCE,MILANO_CENTRALE,728,1434,14,0,2023-10-26
618,ASSO,M_N_CADORNA,393,473,0,1,2023-10-26
621,M_N_CADORNA,ASSO,489,570,0,1,2023-10-26
624,ASSO,M_N_CADORNA,453,533,0,1,2023-10-26
625,M_N_CADORNA,ASSO,549,630,0,1,2023-10-26
628,ERBA,M_N_CADORNA,526,593,0,1,2023-10-26
631,VENTIMIGLIA,MILANO_CENTRALE,556,781,6,0,2023-10-26
632,VENTIMIGLIA,MILANO_CENTRALE,556,781,6,0,2023-10-26
633,MILANO_CENTRALE,VENTIMIGLIA,431,655,1,0,2023-10-26
634,MILANO_CENTRALE,VENTIMIGLIA,431,655,1,0,2023-10-26
635,VENTIMIGLIA,MILANO_CENTRALE,908,1135,0,0,2023-10-26
636,VENTIMIGLIA,MILANO_CENTRALE,908,1135,0,0,2023-10-26
637,MILANO_CENTRALE,VENTIMIGLIA,671,895,1,0,2023-10-26
638,MILANO_CENTRALE,VENTIMIGLIA,671,895,1,0,2023-10-26
639,VENTIMIGLIA,MILANO_CENTRALE,1150,1373,0,0,2023-10-26
640,VENTIMIGLIA,MILANO_CENTRALE,1150,1373,0,0,2023-10-26
641,MILANO_CENTRALE,VENTIMIGLIA,913,1142,3,0,2023-10-26
642,MILANO_CENTRALE,VENTIMIGLIA,913,1142,3,0,2023-10-26
643,M_N_CADORNA,ASSO,789,870,0,1,2023-10-26
644,ASSO,M_N_CADORNA,753,833,0,1,2023-10-26
647,M_N_CADORNA,ASSO,849,930,0,1,2023-10-26
648,ASSO,M_N_CADORNA,813,893,0,1,2023-10-26
651,M_N_CADORNA,ASSO,909,991,0,1,2023-10-26
652,LA_SPEZIA_CENTRALE,MILANO_CENTRALE,305,511,9,0,2023-10-26
655,VENTIMIGLIA,MILANO_CENTRALE,300,549,9,0,2023-10-26
656,VENTIMIGLIA,MILANO_CENTRALE,300,549,9,0,2023-10-26
657,MILANO_CENTRALE,GROSSETO,480,873,0,0,2023-10-26
658,LIVORNO_CENTRALE,MILANO_CENTRALE,318,600,0,0,2023-10-26
662,LIVORNO_CENTRALE,MILANO_CENTRALE,395,665,10,0,2023-10-26
663,M_N_CADORNA,ASSO,1029,1111,0,1,2023-10-26
665,MILANO_CENTRALE,LA_SPEZIA_CENTRALE,733,924,3,0,2023-10-26
666,LIVORNO_CENTRALE,MILANO_CENTRALE,536,854,21,0,2023-10-26
669,MILANO_CENTRALE,LIVORNO_CENTRALE,856,1133,11,0,2023-10-26
670,LIVORNO_CENTRALE,MILANO_CENTRALE,676,958,0,0,2023-10-26
672,ASSO,M_N_CADORNA,1113,1193,0,1,2023-10-26
673,MILANO_CENTRALE,LIVORNO_CENTRALE,966,1236,1,0,2023-10-26
674,LIVORNO_CENTRALE,MILANO_CENTRALE,809,1083,5,0,2023-10-26
675,MILANO_CENTRALE,VENTIMIGLIA,1030,1263,5,0,2023-10-26
676,MILANO_CENTRALE,VENTIMIGLIA,1030,1263,5,0,2023-10-26
677,M_N_CADORNA,ASSO,1149,1230,0,1,2023-10-26
678,ASSO,M_N_CADORNA,1173,1253,0,1,2023-10-26
679,MILANO_CENTRALE,LIVORNO_CENTRALE,1085,1355,0,0,2023-10-26
680,LA_SPEZIA_CENTRALE,MILANO_CENTRALE,1007,1206,9,0,2023-10-26
681,VENTIMIGLIA,MILANO_CENTRALE,1024,1263,1,0,2023-10-26
682,VENTIMIGLIA,MILANO_CENTRALE,1024,1263,1,0,2023-10-26
684,GROSSETO,MILANO_CENTRALE,971,1314,1,0,2023-10-26
685,MILANO_CENTRALE,LIVORNO_CENTRALE,1145,1415,0,0,2023-10-26
687,MILANO_CENTRALE,LA_SPEZIA_CENTRALE,1270,25,0,0,2023-10-26
689,MILANO_CENTRALE,VENTIMIGLIA,1205,1438,0,0,2023-10-26
690,MILANO_CENTRALE,VENTIMIGLIA,1205,1438,0,0,2023-10-26
700,POTENZA_CENTRALE,ROMA_TERMINI,620,905,17,0,2023-10-26
701,ROMA_TERMINI,POTENZA_CENTRALE,390,666,4,0,2023-10-26
702,POTENZA_CENTRALE,ROMA_TERMINI,948,1236,2,0,2023-10-26
703,ROMA_TERMINI,BARI_CENTRALE,457,843,9,0,2023-10-26
704,BARI_CENTRALE,ROMA_TERMINI,975,1357,10,0,2023-10-26
707,ROMA_TERMINI,POTENZA_CENTRALE,930,1212,4,0,2023-10-26
711,M_N_CADORNA,CAMNAGO_LENTATE,383,425,0,1,2023-10-26
715,NAPOLI_CENTRALE,BARI_CENTRALE,1135,1380,0,0,2023-10-26
716,BARI_CENTRALE,NAPOLI_CENTRALE,468,718,43,0,2023-10-26
717,M_N_CADORNA,CAMNAGO_LENTATE,443,485,0,1,2023-10-26
719,M_N_CADORNA,CAMNAGO_LENTATE,473,515,0,1,2023-10-26
721,MESSINA_CENTRALE,SIRACUSA,966,1114,16,0,2023-10-26
722,SIRACUSA,MESSINA_CENTRALE,464,606,1,0,2023-10-26
723,ROMA_TERMINI,PALERMO_CENTRALE,458,1154,12,0,2023-10-26
724,SIRACUSA,ROMA_TERMINI,640,1313,15,0,2023-10-26
725,M_N_CADORNA,CAMNAGO_LENTATE,533,575,0,1,2023-10-26
727,ROMA_TERMINI,SIRACUSA,685,1358,0,0,2023-10-26
728,PALERMO_CENTRALE,ROMA_TERMINI,430,1119,5,0,2023-10-26
729,MESSINA_CENTRALE,PALERMO_CENTRALE,1190,1370,0,0,2023-10-26
730,PALERMO_CENTRALE,MESSINA_CENTRALE,616,791,1,0,2023-10-26
731,M_N_CADORNA,CAMNAGO_LENTATE,623,665,0,1,2023-10-26
733,M_N_CADORNA,CAMNAGO_LENTATE,653,695,0,1,2023-10-26
735,M_N_CADORNA,CAMNAGO_LENTATE,683,725,0,1,2023-10-26
737,M_N_CADORNA,CAMNAGO_LENTATE,713,755,0,1,2023-10-26
739,M_N_CADORNA,CAMNAGO_LENTATE,743,785,0,1,2023-10-26
743,M_N_CADORNA,CAMNAGO_LENTATE,773,815,0,1,2023-10-26
745,VENTIMIGLIA,MILANO_CENTRALE,667,899,4,0,2023-10-26
746,VENTIMIGLIA,MILANO_CENTRALE,667,899,4,0,2023-10-26
747,M_N_CADORNA,CAMNAGO_LENTATE,833,875,0,1,2023-10-26
749,M_N_CADORNA,CAMNAGO_LENTATE,863,905,0,1,2023-10-26
751,M_N_CADORNA,CAMNAGO_LENTATE,893,935,0,1,2023-10-26
752,LECCE,MILANO_CENTRALE,1190,432,0,0,2023-10-26
754,LECCE,TORINO_P.NUOVA,1225,565,0,0,2023-10-26
755,M_N_CADORNA,CAMNAGO_LENTATE,923,965,0,1,2023-10-26
757,M_N_CADORNA,CAMNAGO_LENTATE,953,995,0,1,2023-10-26
758,LECCE,MILANO_CENTRALE,1111,425,0,0,2023-10-26
759,M_N_CADORNA,CAMNAGO_LENTATE,983,1025,0,1,2023-10-26
761,M_N_CADORNA,CAMNAGO_LENTATE,1013,1055,0,1,2023-10-26
765,M_N_CADORNA,CAMNAGO_LENTATE,1043,1085,0,1,2023-10-26
769,M_N_CADORNA,CAMNAGO_LENTATE,1073,1115,0,1,2023-10-26
771,M_N_CADORNA,CAMNAGO_LENTATE,1103,1145,0,1,2023-10-26
774,ROMA_TERMINI,TRIESTE_CENTRALE,1355,596,0,0,2023-10-26
775,M_N_CADORNA,CAMNAGO_LENTATE,1133,1175,0,1,2023-10-26
777,M_N_CADORNA,CAMNAGO_LENTATE,1163,1205,0,1,2023-10-26
781,M_N_CADORNA,CAMNAGO_LENTATE,1193,1235,0,1,2023-10-26
783,M_N_CADORNA,CAMNAGO_LENTATE,1223,1265,0,1,2023-10-26
785,M_N_CADORNA,CAMNAGO_LENTATE,1253,1295,0,1,2023-10-26
786,CAMNAGO_LENTATE,M_N_CADORNA,1315,1357,0,1,2023-10-26
787,M_N_CADORNA,CAMNAGO_LENTATE,1283,1325,0,1,2023-10-26
788,CAMNAGO_LENTATE,M_N_CADORNA,1345,1387,0,1,2023-10-26
789,M_N_CADORNA,CAMNAGO_LENTATE,1313,1355,0,1,2023-10-26
790,CAMNAGO_LENTATE,M_N_CADORNA,1375,1417,0,1,2023-10-26
791,M_N_CADORNA,CAMNAGO_LENTATE,1343,1385,0,1,2023-10-26
793,M_N_CADORNA,CAMNAGO_LENTATE,1373,1415,0,1,2023-10-26
795,M_N_CADORNA,CAMNAGO_LENTATE,1403,5,0,1,2023-10-26
798,SALERNO,TORINO_P.NUOVA,1238,560,0,0,2023-10-26
799,TORINO_P.NUOVA,SALERNO,1315,551,0,0,2023-10-26
806,SARONNO,M_N_CADORNA,353,388,0,1,2023-10-26
811,M_N_CADORNA,SARONNO,362,397,0,1,2023-10-26
812,SARONNO,M_N_CADORNA,383,418,0,1,2023-10-26
813,M_N_CADORNA,SARONNO,392,427,0,1,2023-10-26
814,SARONNO,M_N_CADORNA,413,448,0,1,2023-10-26
815,M_N_CADORNA,SARONNO,422,457,0,1,2023-10-26
817,M_N_CADORNA,SARONNO,452,487,0,1,2023-10-26
818,SARONNO,M_N_CADORNA,443,478,0,1,2023-10-26
821,M_N_CADORNA,SARONNO,482,517,0,1,2023-10-26
822,SARONNO,M_N_CADORNA,473,508,0,1,2023-10-26
823,M_N_CADORNA,SARONNO,512,547,0,1,2023-10-26
824,SARONNO,M_N_CADORNA,503,538,0,1,2023-10-26
825,M_N_CADORNA,SARONNO,542,577,0,1,2023-10-26
826,SARONNO,M_N_CADORNA,533,568,0,1,2023-10-26
827,M_N_CADORNA,SARONNO,572,607,0,1,2023-10-26
828,SARONNO,M_N_CADORNA,563,598,0,1,2023-10-26
829,M_N_CADORNA,SARONNO,602,637,0,1,2023-10-26
830,SARONNO,M_N_CADORNA,593,628,0,1,2023-10-26
831,M_N_CADORNA,SARONNO,632,667,0,1,2023-10-26
832,SARONNO,M_N_CADORNA,623,658,0,1,2023-10-26
833,M_N_CADORNA,SARONNO,662,697,0,1,2023-10-26
834,SARONNO,M_N_CADORNA,653,688,0,1,2023-10-26
835,M_N_CADORNA,SARONNO,692,727,0,1,2023-10-26
836,TRIESTE_CENTRALE,ROMA_TERMINI,599,1170,0,0,2023-10-26
837,TRIESTE_CENTRALE,ROMA_TERMINI,599,1170,0,0,2023-10-26
838,SARONNO,M_N_CADORNA,713,748,0,1,2023-10-26
839,M_N_CADORNA,SARONNO,752,787,0,1,2023-10-26
840,SARONNO,M_N_CADORNA,743,778,0,1,2023-10-26
841,M_N_CADORNA,SARONNO,782,817,0,1,2023-10-26
842,SARONNO,M_N_CADORNA,773,808,0,1,2023-10-26
844,SARONNO,M_N_CADORNA,803,838,0,1,2023-10-26
845,M_N_CADORNA,SARONNO,812,847,0,1,2023-10-26
846,SARONNO,M_N_CADORNA,833,868,0,1,2023-10-26
847,M_N_CADORNA,SARONNO,842,877,0,1,2023-10-26
848,SARONNO,M_N_CADORNA,863,898,0,1,2023-10-26
849,M_N_CADORNA,SARONNO,872,907,0,1,2023-10-26
850,SARONNO,M_N_CADORNA,893,928,0,1,2023-10-26
851,M_N_CADORNA,SARONNO,902,937,0,1,2023-10-26
852,SARONNO,M_N_CADORNA,923,958,0,1,2023-10-26
854,SARONNO,M_N_CADORNA,953,988,0,1,2023-10-26
855,M_N_CADORNA,SARONNO,932,967,0,1,2023-10-26
856,SARONNO,M_N_CADORNA,983,1018,0,1,2023-10-26
857,M_N_CADORNA,SARONNO,962,997,0,1,2023-10-26
858,SARONNO,M_N_CADORNA,1013,1048,0,1,2023-10-26
859,M_N_CADORNA,SARONNO,992,1027,0,1,2023-10-26
861,M_N_CADORNA,SARONNO,1022,1057,0,1,2023-10-26
862,SARONNO,M_N_CADORNA,1043,1078,0,1,2023-10-26
865,M_N_CADORNA,SARONNO,1052,1087,0,1,2023-10-26
866,SARONNO,M_N_CADORNA,1073,1108,0,1,2023-10-26
868,TRIESTE_CENTRALE,ROMA_TERMINI,1162,395,0,0,2023-10-26
869,TRIESTE_CENTRALE,ROMA_TERMINI,1162,395,0,0,2023-10-26
871,M_N_CADORNA,SARONNO,1112,1147,0,1,2023-10-26
872,SARONNO,M_N_CADORNA,1133,1168,0,1,2023-10-26
874,ROMA_TERMINI,TRIESTE_CENTRALE,1355,596,0,0,2023-10-26
875,M_N_CADORNA,SARONNO,1142,1177,0,1,2023-10-26
876,SARONNO,M_N_CADORNA,1193,1228,0,1,2023-10-26
877,M_N_CADORNA,SARONNO,1172,1207,0,1,2023-10-26
878,SARONNO,M_N_CADORNA,1223,1258,0,1,2023-10-26
880,SARONNO,M_N_CADORNA,1253,1288,0,1,2023-10-26
881,M_N_CADORNA,SARONNO,1202,1237,0,1,2023-10-26
882,SARONNO,M_N_CADORNA,1283,1318,0,1,2023-10-26
883,M_N_CADORNA,SARONNO,1232,1267,0,1,2023-10-26
884,SARONNO,M_N_CADORNA,1313,1348,0,1,2023-10-26
885,M_N_CADORNA,SARONNO,1262,1297,0,1,2023-10-26
886,SARONNO,M_N_CADORNA,1343,1378,0,1,2023-10-26
887,M_N_CADORNA,SARONNO,1292,1327,0,1,2023-10-26
888,SALERNO,TORINO_P.NUOVA,1238,560,0,0,2023-10-26
889,M_N_CADORNA,SARONNO,1322,1357,0,1,2023-10-26
890,SARONNO,M_N_CADORNA,1403,1438,0,1,2023-10-26
893,M_N_CADORNA,SARONNO,1352,1387,0,1,2023-10-26
895,M_N_CADORNA,SARONNO,1382,1417,0,1,2023-10-26
897,M_N_CADORNA,SARONNO,1412,7,0,1,2023-10-26
918,BRESCIA,BRENO,478,576,0,1,2023-10-26
928,BRESCIA,BRENO,598,696,0,1,2023-10-26
933,BRENO,BRESCIA,565,663,0,1,2023-10-26
940,BRESCIA,BRENO,718,816,0,1,2023-10-26
952,BRESCIA,BRENO,838,936,0,1,2023-10-26
957,BRENO,BRESCIA,805,903,0,1,2023-10-26
964,BRESCIA,BRENO,958,1056,0,1,2023-10-26
969,BRENO,BRESCIA,925,1023,0,1,2023-10-26
977,BRENO,BRESCIA,1045,1143,0,1,2023-10-26
985,BRENO,BRESCIA,1165,1263,0,1,2023-10-26
1011,M_N_CADORNA,LAVENO,369,473,0,1,2023-10-26
1015,M_N_CADORNA,VARESE_CASBENO,429,501,0,1,2023-10-26
1037,VARESE_NORD,LAVENO,785,831,0,1,2023-10-26
1039,M_N_CADORNA,VARESE_CASBENO,729,801,0,1,2023-10-26
1048,VARESE_CASBENO,M_N_CADORNA,821,892,0,1,2023-10-26
1054,LAVENO,VARESE_NORD,849,896,0,1,2023-10-26
1111,M_N_CADORNA,COMO_NORD_LAGO,373,434,0,1,2023-10-26
1112,COMO_NORD_LAGO,M_N_CADORNA,346,408,0,1,2023-10-26
1115,M_N_CADORNA,COMO_NORD_LAGO,433,494,0,1,2023-10-26
1128,COMO_NORD_LAGO,M_N_CADORNA,526,588,0,1,2023-10-26
1139,M_N_CADORNA,COMO_NORD_LAGO,733,794,0,1,2023-10-26
1143,M_N_CADORNA,COMO_NORD_LAGO,793,854,0,1,2023-10-26
1144,COMO_NORD_LAGO,M_N_CADORNA,766,828,0,1,2023-10-26
1148,COMO_NORD_LAGO,M_N_CADORNA,826,888,0,1,2023-10-26
1163,M_N_CADORNA,COMO_NORD_LAGO,1033,1094,0,1,2023-10-26
1174,COMO_NORD_LAGO,M_N_CADORNA,1126,1188,0,1,2023-10-26
1177,M_N_CADORNA,COMO_NORD_LAGO,1153,1214,0,1,2023-10-26
1181,M_N_CADORNA,COMO_NORD_LAGO,1213,1274,0,1,2023-10-26
1182,COMO_NORD_LAGO,M_N_CADORNA,1246,1308,0,1,2023-10-26
1211,M_N_CADORNA,NOVARA_NORD,377,445,0,1,2023-10-26
1213,M_N_CADORNA,NOVARA_NORD,407,475,0,1,2023-10-26
1214,NOVARA_NORD,M_N_CADORNA,371,434,0,1,2023-10-26
1217,M_N_CADORNA,NOVARA_NORD,467,529,0,1,2023-10-26
1222,NOVARA_NORD,M_N_CADORNA,431,494,0,1,2023-10-26
1223,M_N_CADORNA,NOVARA_NORD,527,589,0,1,2023-10-26
1224,NOVARA_NORD,M_N_CADORNA,461,524,0,1,2023-10-26
1226,NOVARA_NORD,M_N_CADORNA,491,554,0,1,2023-10-26
1229,M_N_CADORNA,NOVARA_NORD,587,649,0,1,2023-10-26
1231,M_N_CADORNA,NOVARA_NORD,647,709,0,1,2023-10-26
1232,NOVARA_NORD,M_N_CADORNA,551,614,0,1,2023-10-26
1235,M_N_CADORNA,NOVARA_NORD,707,769,0,1,2023-10-26
1236,NOVARA_NORD,M_N_CADORNA,611,674,0,1,2023-10-26
1240,NOVARA_NORD,M_N_CADORNA,671,734,0,1,2023-10-26
1241,M_N_CADORNA,NOVARA_NORD,767,829,0,1,2023-10-26
1244,NOVARA_NORD,M_N_CADORNA,731,794,0,1,2023-10-26
1245,M_N_CADORNA,NOVARA_NORD,827,889,0,1,2023-10-26
1246,NOVARA_NORD,M_N_CADORNA,791,854,0,1,2023-10-26
1249,M_N_CADORNA,NOVARA_NORD,887,949,0,1,2023-10-26
1250,NOVARA_NORD,M_N_CADORNA,851,914,0,1,2023-10-26
1254,NOVARA_NORD,M_N_CADORNA,911,974,0,1,2023-10-26
1255,M_N_CADORNA,NOVARA_NORD,947,1009,0,1,2023-10-26
1259,M_N_CADORNA,NOVARA_NORD,1007,1069,0,1,2023-10-26
1260,NOVARA_NORD,M_N_CADORNA,971,1034,0,1,2023-10-26
1265,M_N_CADORNA,NOVARA_NORD,1067,1129,0,1,2023-10-26
1266,NOVARA_NORD,M_N_CADORNA,1031,1094,0,1,2023-10-26
1270,NOVARA_NORD,M_N_CADORNA,1091,1154,0,1,2023-10-26
1273,M_N_CADORNA,NOVARA_NORD,1127,1189,0,1,2023-10-26
1276,NOVARA_NORD,M_N_CADORNA,1151,1214,0,1,2023-10-26
1279,M_N_CADORNA,NOVARA_NORD,1187,1249,0,1,2023-10-26
1280,NOVARA_NORD,M_N_CADORNA,1211,1274,0,1,2023-10-26
1283,M_N_CADORNA,NOVARA_NORD,1247,1309,0,1,2023-10-26
1613,M_N_CADORNA,ERBA,399,464,0,1,2023-10-26
1614,ERBA,M_N_CADORNA,376,443,0,1,2023-10-26
1615,M_N_CADORNA,ERBA,429,494,0,1,2023-10-26
1617,M_N_CADORNA,ASSO,459,541,0,1,2023-10-26
1622,ASSO,M_N_CADORNA,422,503,0,1,2023-10-26
1626,ERBA,M_N_CADORNA,496,563,0,1,2023-10-26
1641,M_N_CADORNA,ERBA,759,824,0,1,2023-10-26
1645,M_N_CADORNA,ERBA,819,884,0,1,2023-10-26
1646,ASSO,M_N_CADORNA,783,863,0,1,2023-10-26
1650,ERBA,M_N_CADORNA,856,923,0,1,2023-10-26
1654,ERBA,M_N_CADORNA,916,983,0,1,2023-10-26
1659,M_N_CADORNA,ERBA,999,1064,0,1,2023-10-26
1665,M_N_CADORNA,ASSO,1059,1141,0,1,2023-10-26
1670,ERBA,M_N_CADORNA,1096,1163,0,1,2023-10-26
1673,M_N_CADORNA,ASSO,1119,1201,0,1,2023-10-26
1709,M_N_CADORNA,CAMNAGO_LENTATE,353,395,0,1,2023-10-26
1722,PESARO,RIMINI,580,610,0,1,2023-10-26
1798,CATANZARO_LIDO,LAMEZIA_TERME_CENTRALE,694,740,0,1,2023-10-26
1799,LAMEZIA_TERME_CENTRALE,CATANZARO_LIDO,761,806,1,1,2023-10-26
1824,VILLA_OPICINA,UDINE,486,597,3,1,2023-10-26
1825,TRIESTE_CENTRALE,VILLA_OPICINA,543,568,0,1,2023-10-26
1830,S.CANDIDO,MERANO,319,495,0,1,2023-10-26
1842,S.CANDIDO,FORTEZZA,469,550,0,1,2023-10-26
1847,FORTEZZA,S.CANDIDO,561,641,1,1,2023-10-26
1856,S.CANDIDO,FORTEZZA,679,760,0,1,2023-10-26
1861,FORTEZZA,S.CANDIDO,771,851,1,1,2023-10-26
1878,S.CANDIDO,FORTEZZA,1013,1093,3,1,2023-10-26
1880,BOLZANO,S.CANDIDO,1031,1151,1,1,2023-10-26
1881,BOLZANO,S.CANDIDO,1031,1151,1,1,2023-10-26
1885,FORTEZZA,S.CANDIDO,1100,1180,0,1,2023-10-26
1891,UDINE,VILLA_OPICINA,1075,1177,0,1,2023-10-26
1894,VILLA_OPICINA,UDINE,486,597,3,1,2023-10-26
1896,VILLA_OPICINA,TRIESTE_CENTRALE,1264,1292,0,1,2023-10-26
1897,UDINE,VILLA_OPICINA,1075,1177,0,1,2023-10-26
1907,PERUGIA,ROMA_TERMINI,526,711,16,0,2023-10-26
1913,PISOGNE,BRESCIA,360,422,0,1,2023-10-26
1915,BRENO,BRESCIA,358,462,0,1,2023-10-26
1919,BRENO,BRESCIA,397,499,0,1,2023-10-26
1945,BRENO,BRESCIA,685,783,0,1,2023-10-26
1950,BRESCIA,PISOGNE,804,876,0,1,2023-10-26
1954,PALERMO_CENTRALE,MESSINA_CENTRALE,1128,1315,0,0,2023-10-26
1955,ROMA_TERMINI,SIRACUSA,1216,541,0,0,2023-10-26
1956,SIRACUSA,ROMA_TERMINI,1150,438,0,0,2023-10-26
1957,MESSINA_CENTRALE,PALERMO_CENTRALE,354,564,0,0,2023-10-26
1958,PALERMO_CENTRALE,MESSINA_CENTRALE,1270,20,0,0,2023-10-26
1959,ROMA_TERMINI,SIRACUSA,1410,760,0,0,2023-10-26
1960,SIRACUSA,ROMA_TERMINI,1305,591,0,0,2023-10-26
1962,SIRACUSA,MILANO_CENTRALE,833,628,18,0,2023-10-26
1963,MILANO_CENTRALE,SIRACUSA,1210,948,0,0,2023-10-26
1964,PALERMO_CENTRALE,MESSINA_CENTRALE,779,981,1,0,2023-10-26
1965,MESSINA_CENTRALE,PALERMO_CENTRALE,910,1125,110,0,2023-10-26
1970,SIRACUSA,MILANO_CENTRALE,833,628,18,0,2023-10-26
1975,MILANO_CENTRALE,SIRACUSA,1210,948,0,0,2023-10-26
2001,TORINO_P.NUOVA,MILANO_PORTA_GARIBALDI,337,448,0,1,2023-10-26
2003,TORINO_P.NUOVA,MILANO_PORTA_GARIBALDI,376,478,6,1,2023-10-26
2004,MILANO_PORTA_GARIBALDI,TORINO_P.NUOVA,1033,1133,3,1,2023-10-26
2005,TORINO_P.NUOVA,MILANO_PORTA_GARIBALDI,440,542,10,1,2023-10-26
2006,MILANO_PORTA_GARIBALDI,TORINO_P.NUOVA,1090,1190,0,1,2023-10-26
2011,TORINO_P.NUOVA,MILANO_CENTRALE,299,410,5,1,2023-10-26
2012,MILANO_PORTA_GARIBALDI,TORINO_P.NUOVA,371,488,2,1,2023-10-26
2013,TORINO_P.NUOVA,MILANO_CENTRALE,364,475,10,1,2023-10-26
2014,MILANO_CENTRALE,TORINO_P.NUOVA,433,546,0,1,2023-10-26
2015,TORINO_P.NUOVA,MILANO_CENTRALE,425,536,11,1,2023-10-26
2016,MILANO_CENTRALE,TORINO_P.NUOVA,497,608,2,1,2023-10-26
2017,TORINO_P.NUOVA,MILANO_CENTRALE,481,592,7,1,2023-10-26
2018,MILANO_CENTRALE,TORINO_P.NUOVA,556,671,1,1,2023-10-26
2019,TORINO_P.NUOVA,MILANO_CENTRALE,541,652,7,1,2023-10-26
2020,MILANO_PORTA_GARIBALDI,TORINO_P.NUOVA,609,728,2,1,2023-10-26
2022,MILANO_CENTRALE,TORINO_P.NUOVA,679,790,4,1,2023-10-26
2023,TORINO_P.NUOVA,MILANO_CENTRALE,653,765,0,1,2023-10-26
2024,MILANO_CENTRALE,TORINO_P.NUOVA,735,846,0,1,2023-10-26
2025,TORINO_P.NUOVA,MILANO_CENTRALE,716,827,2,1,2023-10-26
2026,MILANO_CENTRALE,TORINO_P.NUOVA,792,906,0,1,2023-10-26
2027,TORINO_P.NUOVA,MILANO_CENTRALE,782,893,8,1,2023-10-26
2028,MILANO_CENTRALE,TORINO_P.NUOVA,859,970,4,1,2023-10-26
2029,TORINO_P.NUOVA,MILANO_CENTRALE,836,947,2,1,2023-10-26
2030,MILANO_CENTRALE,TORINO_P.NUOVA,913,1026,0,1,2023-10-26
2031,TORINO_P.NUOVA,MILANO_CENTRALE,897,1008,3,1,2023-10-26
2032,MILANO_CENTRALE,TORINO_P.NUOVA,978,1089,3,1,2023-10-26
2033,TORINO_P.NUOVA,MILANO_CENTRALE,957,1068,3,1,2023-10-26
2034,MILANO_CENTRALE,TORINO_P.NUOVA,1037,1148,2,1,2023-10-26
2035,TORINO_P.NUOVA,MILANO_CENTRALE,1016,1127,2,1,2023-10-26
2036,MILANO_CENTRALE,TORINO_P.NUOVA,1095,1206,0,1,2023-10-26
2037,TORINO_P.NUOVA,MILANO_CENTRALE,1074,1185,0,1,2023-10-26
2038,MILANO_CENTRALE,TORINO_P.NUOVA,1155,1266,0,1,2023-10-26
2039,TORINO_P.NUOVA,MILANO_CENTRALE,1134,1245,0,1,2023-10-26
2040,MILANO_CENTRALE,TORINO_P.NUOVA,1215,1326,0,1,2023-10-26
2041,TORINO_P.NUOVA,MILANO_CENTRALE,1194,1305,0,1,2023-10-26
2042,MILANO_CENTRALE,TORINO_P.NUOVA,1275,1386,0,1,2023-10-26
2043,TORINO_P.NUOVA,MILANO_PORTA_GARIBALDI,1254,1367,0,1,2023-10-26
2044,MILANO_CENTRALE,TORINO_P.NUOVA,1335,6,0,1,2023-10-26
2052,MILANO_PORTA_GARIBALDI,TORINO_P.NUOVA,402,517,2,1,2023-10-26
2053,TORINO_LINGOTTO,MILANO_PORTA_GARIBALDI,387,506,7,1,2023-10-26
2054,NOVARA,TORINO_P.NUOVA,515,598,3,1,2023-10-26
2055,TORINO_LINGOTTO,MILANO_PORTA_GARIBALDI,449,564,4,1,2023-10-26
2056,MILANO_PORTA_GARIBALDI,TORINO_LINGOTTO,1060,1175,0,1,2023-10-26
2057,TORINO_P.NUOVA,NOVARA,1055,1138,0,1,2023-10-26
2058,MILANO_PORTA_GARIBALDI,TORINO_LINGOTTO,1120,1234,0,1,2023-10-26
2059,TORINO_P.NUOVA,MILANO_PORTA_GARIBALDI,1090,1219,0,1,2023-10-26
2064,PIACENZA,VOGHERA,363,411,9,1,2023-10-26
2065,M_N_CADORNA,LAVENO,1042,1133,0,1,2023-10-26
2066,BOLOGNA_C.LE,VOGHERA,299,445,0,1,2023-10-26
2067,VOGHERA,RIMINI,421,680,0,1,2023-10-26
2069,VOGHERA,PIACENZA,483,528,7,1,2023-10-26
2070,RAVENNA,GENOVA_BRIGNOLE,313,634,10,1,2023-10-26
2071,RAVENNA,GENOVA_BRIGNOLE,313,634,10,1,2023-10-26
2075,M_N_CADORNA,LAVENO,1149,1253,0,1,2023-10-26
2078,GENOVA_BRIGNOLE,PIACENZA,687,830,10,1,2023-10-26
2079,GENOVA_BRIGNOLE,PIACENZA,687,830,10,1,2023-10-26
2081,M_N_CADORNA,LAVENO,1192,1283,0,1,2023-10-26
2082,PIACENZA,GENOVA_BRIGNOLE,854,985,5,1,2023-10-26
2083,PIACENZA,GENOVA_BRIGNOLE,854,985,5,1,2023-10-26
2085,VOGHERA,PIACENZA,963,1010,3,1,2023-10-26
2088,PIACENZA,VOGHERA,1040,1085,1,1,2023-10-26
2089,VOGHERA,PIACENZA,1098,1143,0,1,2023-10-26
2090,GENOVA_BRIGNOLE,RIMINI,1022,1402,0,1,2023-10-26
2091,GENOVA_BRIGNOLE,RIMINI,1022,1402,0,1,2023-10-26
2092,PIACENZA,VOGHERA,1159,1204,0,1,2023-10-26
2093,VOGHERA,PIACENZA,1218,1261,0,1,2023-10-26
2102,NOVI_LIGURE,TORINO_P.NUOVA,382,465,0,1,2023-10-26
2104,NOVI_LIGURE,TORINO_P.NUOVA,422,507,4,1,2023-10-26
2106,ALESSANDRIA,TORINO_P.NUOVA,747,810,0,1,2023-10-26
2107,TORINO_P.NUOVA,NOVI_LIGURE,1062,1149,0,1,2023-10-26
2109,TORINO_P.NUOVA,ALESSANDRIA,1125,1190,0,1,2023-10-26
2110,ALESSANDRIA,TORINO_LINGOTTO,252,323,2,1,2023-10-26
2112,ALESSANDRIA,TORINO_P.NUOVA,321,401,1,1,2023-10-26
2113,TORINO_P.NUOVA,GENOVA_P.PRINCIPE,332,455,2,1,2023-10-26
2114,GENOVA_P.PRINCIPE,TORINO_P.NUOVA,323,450,0,1,2023-10-26
2115,TORINO_P.NUOVA,GENOVA_P.PRINCIPE,391,511,1,1,2023-10-26
2116,GENOVA_P.PRINCIPE,TORINO_P.NUOVA,389,512,2,1,2023-10-26
2117,TORINO_P.NUOVA,GENOVA_P.PRINCIPE,455,578,5,1,2023-10-26
2118,GENOVA_P.PRINCIPE,TORINO_P.NUOVA,448,571,1,1,2023-10-26
2119,TORINO_P.NUOVA,GENOVA_P.PRINCIPE,511,635,1,1,2023-10-26
2120,GENOVA_P.PRINCIPE,TORINO_P.NUOVA,505,630,0,1,2023-10-26
2121,TORINO_P.NUOVA,ALESSANDRIA,571,630,1,1,2023-10-26
2122,GENOVA_P.PRINCIPE,TORINO_P.NUOVA,570,690,0,1,2023-10-26
2123,TORINO_P.NUOVA,GENOVA_P.PRINCIPE,644,769,14,1,2023-10-26
2124,GENOVA_P.PRINCIPE,TORINO_P.NUOVA,628,751,1,1,2023-10-26
2125,TORINO_P.NUOVA,GENOVA_P.PRINCIPE,690,813,0,1,2023-10-26
2126,COMO_NORD_BORGHI,M_N_CADORNA,471,528,0,1,2023-10-26
2127,TORINO_P.NUOVA,GENOVA_P.PRINCIPE,753,877,3,1,2023-10-26
2128,GENOVA_P.PRINCIPE,TORINO_P.NUOVA,748,871,1,1,2023-10-26
2129,TORINO_P.NUOVA,GENOVA_P.PRINCIPE,815,938,5,1,2023-10-26
2130,GENOVA_P.PRINCIPE,TORINO_P.NUOVA,806,930,0,1,2023-10-26
2131,TORINO_P.NUOVA,GENOVA_P.PRINCIPE,870,994,0,1,2023-10-26
2132,GENOVA_P.PRINCIPE,TORINO_P.NUOVA,867,990,0,1,2023-10-26
2133,TORINO_P.NUOVA,GENOVA_P.PRINCIPE,930,1053,0,1,2023-10-26
2134,ALESSANDRIA,TORINO_P.NUOVA,997,1056,6,1,2023-10-26
2135,TORINO_P.NUOVA,ALESSANDRIA,983,1049,0,1,2023-10-26
2136,GENOVA_P.PRINCIPE,TORINO_P.NUOVA,990,1113,3,1,2023-10-26
2137,TORINO_P.NUOVA,GENOVA_P.PRINCIPE,1050,1173,0,1,2023-10-26
2138,GENOVA_P.PRINCIPE,TORINO_P.NUOVA,1047,1170,0,1,2023-10-26
2139,TORINO_P.NUOVA,GENOVA_P.PRINCIPE,1110,1245,0,1,2023-10-26
2140,GENOVA_P.PRINCIPE,TORINO_P.NUOVA,1107,1230,0,1,2023-10-26
2141,TORINO_P.NUOVA,GENOVA_P.PRINCIPE,1170,1294,0,1,2023-10-26
2142,ALESSANDRIA,TORINO_P.NUOVA,1231,1290,0,1,2023-10-26
2143,TORINO_P.NUOVA,ALESSANDRIA,1230,1289,0,1,2023-10-26
2144,GENOVA_P.PRINCIPE,TORINO_P.NUOVA,1227,1350,0,1,2023-10-26
2145,TORINO_P.NUOVA,GENOVA_P.PRINCIPE,1290,1410,0,1,2023-10-26
2146,GENOVA_P.PRINCIPE,TORINO_P.NUOVA,1287,1415,0,1,2023-10-26
2147,TORINO_P.NUOVA,ALESSANDRIA,1340,1417,0,1,2023-10-26
2152,COMO_NORD_LAGO,M_N_CADORNA,886,948,0,1,2023-10-26
2153,MILANO_CENTRALE,MANTOVA,381,499,1,1,2023-10-26
2154,MANTOVA,MILANO_CENTRALE,318,450,0,1,2023-10-26
2156,MANTOVA,MILANO_CENTRALE,369,492,2,1,2023-10-26
2157,MILANO_CENTRALE,MANTOVA,498,618,0,1,2023-10-26
2158,MANTOVA,MILANO_CENTRALE,401,522,0,1,2023-10-26
2161,MILANO_CENTRALE,MANTOVA,625,743,5,1,2023-10-26
2162,MANTOVA,MILANO_CENTRALE,527,645,5,1,2023-10-26
2165,MILANO_CENTRALE,MANTOVA,739,858,0,1,2023-10-26
2169,MILANO_CENTRALE,MANTOVA,861,979,1,1,2023-10-26
2170,MANTOVA,MILANO_CENTRALE,767,885,5,1,2023-10-26
2173,MILANO_CENTRALE,MANTOVA,982,1100,2,1,2023-10-26
2174,MANTOVA,MILANO_CENTRALE,884,1002,2,1,2023-10-26
2175,MILANO_CENTRALE,MANTOVA,1036,1159,1,1,2023-10-26
2177,MILANO_CENTRALE,MANTOVA,1100,1218,0,1,2023-10-26
2178,MANTOVA,MILANO_CENTRALE,1008,1126,6,1,2023-10-26
2179,MILANO_CENTRALE,MANTOVA,1155,1278,0,1,2023-10-26
2180,MANTOVA,CODOGNO,1058,1138,0,1,2023-10-26
2181,MILANO_CENTRALE,MANTOVA,1220,1338,0,1,2023-10-26
2182,MANTOVA,MILANO_CENTRALE,1122,1240,0,1,2023-10-26
2185,MILANO_CENTRALE,CREMONA,1340,1415,0,1,2023-10-26
2186,MANTOVA,MILANO_CENTRALE,1242,1360,0,1,2023-10-26
2206,BERGAMO,MILANO_CENTRALE,463,518,8,1,2023-10-26
2211,MILANO_CENTRALE,BERGAMO,337,385,2,1,2023-10-26
2212,BERGAMO,MILANO_CENTRALE,299,350,0,1,2023-10-26
2213,MILANO_CENTRALE,BERGAMO,367,415,2,1,2023-10-26
2214,BERGAMO,MILANO_CENTRALE,363,411,1,1,2023-10-26
2215,MILANO_CENTRALE,BERGAMO,427,475,2,1,2023-10-26
2216,BERGAMO,MILANO_CENTRALE,426,474,4,1,2023-10-26
2217,MILANO_CENTRALE,BERGAMO,479,537,0,1,2023-10-26
2218,BERGAMO,MILANO_CENTRALE,492,540,10,1,2023-10-26
2219,MILANO_CENTRALE,BERGAMO,553,605,8,1,2023-10-26
2220,BERGAMO,MILANO_CENTRALE,544,592,2,1,2023-10-26
2221,MILANO_CENTRALE,BERGAMO,606,658,1,1,2023-10-26
2222,BERGAMO,MILANO_CENTRALE,604,652,2,1,2023-10-26
2223,MILANO_CENTRALE,BERGAMO,661,717,0,1,2023-10-26
2224,BERGAMO,MILANO_CENTRALE,661,710,0,1,2023-10-26
2225,MILANO_CENTRALE,BERGAMO,725,777,0,1,2023-10-26
2226,BERGAMO,MILANO_CENTRALE,722,770,0,1,2023-10-26
2227,MILANO_CENTRALE,BERGAMO,787,839,2,1,2023-10-26
2228,BERGAMO,MILANO_CENTRALE,781,830,0,1,2023-10-26
2229,MILANO_CENTRALE,BERGAMO,840,897,0,1,2023-10-26
2230,BERGAMO,MILANO_CENTRALE,839,890,0,1,2023-10-26
2231,MILANO_CENTRALE,BERGAMO,899,957,0,1,2023-10-26
2232,BERGAMO,MILANO_CENTRALE,906,954,4,1,2023-10-26
2233,MILANO_CENTRALE,BERGAMO,959,1017,0,1,2023-10-26
2234,BERGAMO,MILANO_CENTRALE,960,1010,0,1,2023-10-26
2235,MILANO_CENTRALE,BERGAMO,1027,1079,2,1,2023-10-26
2236,BERGAMO,MILANO_CENTRALE,1026,1074,4,1,2023-10-26
2238,BERGAMO,MILANO_CENTRALE,1082,1130,0,1,2023-10-26
2239,MILANO_CENTRALE,BERGAMO,1145,1197,0,1,2023-10-26
2240,BERGAMO,MILANO_CENTRALE,1142,1190,0,1,2023-10-26
2241,MILANO_CENTRALE,BERGAMO,1205,1257,0,1,2023-10-26
2242,BERGAMO,MILANO_CENTRALE,1202,1250,0,1,2023-10-26
2243,MILANO_CENTRALE,BERGAMO,1265,1317,0,1,2023-10-26
2244,BERGAMO,MILANO_CENTRALE,1262,1310,0,1,2023-10-26
2245,MILANO_CENTRALE,BERGAMO,1325,1375,0,1,2023-10-26
2246,BERGAMO,MILANO_CENTRALE,1322,1370,0,1,2023-10-26
2253,MILANO_PORTA_GARIBALDI,BERGAMO,384,447,2,1,2023-10-26
2255,MILANO_PORTA_GARIBALDI,BERGAMO,446,507,4,1,2023-10-26
2256,BERGAMO,MILANO_PORTA_GARIBALDI,391,454,1,1,2023-10-26
2257,MILANO_PORTA_GARIBALDI,BERGAMO,506,567,4,1,2023-10-26
2258,BERGAMO,MILANO_PORTA_GARIBALDI,440,502,4,1,2023-10-26
2260,BERGAMO,MILANO_PORTA_GARIBALDI,514,577,4,1,2023-10-26
2262,BERGAMO,MILANO_PORTA_GARIBALDI,572,635,2,1,2023-10-26
2263,M_N_CADORNA,NOVARA_NORD,1037,1105,0,1,2023-10-26
2269,M_N_CADORNA,NOVARA_NORD,1097,1165,0,1,2023-10-26
2271,MILANO_PORTA_GARIBALDI,BERGAMO,923,986,1,1,2023-10-26
2273,MILANO_PORTA_GARIBALDI,BERGAMO,994,1057,12,1,2023-10-26
2275,MILANO_PORTA_GARIBALDI,BERGAMO,1042,1105,0,1,2023-10-26
2276,BERGAMO,MILANO_PORTA_GARIBALDI,994,1057,4,1,2023-10-26
2277,MILANO_PORTA_GARIBALDI,BERGAMO,1102,1165,0,1,2023-10-26
2278,BERGAMO,MILANO_PORTA_GARIBALDI,1050,1113,0,1,2023-10-26
2279,MILANO_PORTA_GARIBALDI,BERGAMO,1162,1225,0,1,2023-10-26
2280,BERGAMO,MILANO_PORTA_GARIBALDI,1110,1173,0,1,2023-10-26
2284,NOVARA_NORD,M_N_CADORNA,1271,1334,0,1,2023-10-26
2298,BERGAMO,MILANO_GRECO_PIRELLI,469,522,4,1,2023-10-26
2309,MILANO_ROGOREDO,PAVIA,41,71,3,1,2023-10-26
2313,MILANO_CENTRALE,TORTONA,417,479,2,1,2023-10-26
2317,MILANO_CENTRALE,ALESSANDRIA,512,596,7,1,2023-10-26
2318,MILANO_CENTRALE,ALESSANDRIA,512,596,7,1,2023-10-26
2323,MILANO_CENTRALE,ALESSANDRIA,679,769,0,1,2023-10-26
2324,MILANO_CENTRALE,ALESSANDRIA,679,769,0,1,2023-10-26
2325,MILANO_PORTA_GARIBALDI,ASTI,741,864,4,1,2023-10-26
2326,MILANO_PORTA_GARIBALDI,ASTI,741,864,4,1,2023-10-26
2327,MILANO_CENTRALE,ALESSANDRIA,808,892,3,1,2023-10-26
2328,MILANO_CENTRALE,ALESSANDRIA,808,892,3,1,2023-10-26
2331,MILANO_CENTRALE,ALESSANDRIA,935,1019,10,1,2023-10-26
2332,MILANO_CENTRALE,ALESSANDRIA,935,1019,10,1,2023-10-26
2333,MILANO_CENTRALE,TORTONA,991,1059,1,1,2023-10-26
2335,MILANO_CENTRALE,ALESSANDRIA,1045,1129,0,1,2023-10-26
2336,MILANO_CENTRALE,ALESSANDRIA,1045,1129,0,1,2023-10-26
2337,MILANO_CENTRALE,ASTI,1110,1220,0,1,2023-10-26
2338,MILANO_CENTRALE,ASTI,1110,1220,0,1,2023-10-26
2339,MILANO_CENTRALE,ALESSANDRIA,1165,1252,0,1,2023-10-26
2340,MILANO_CENTRALE,ALESSANDRIA,1165,1252,0,1,2023-10-26
2345,MILANO_CENTRALE,VOGHERA,1345,1403,0,1,2023-10-26
2347,MILANO_CENTRALE,VOGHERA,1405,23,0,1,2023-10-26
2354,VOGHERA,MILANO_CENTRALE,338,395,0,1,2023-10-26
2356,VOGHERA,MILANO_CENTRALE,356,420,0,1,2023-10-26
2357,ASTI,MILANO_CENTRALE,414,526,9,1,2023-10-26
2358,ASTI,MILANO_CENTRALE,414,526,9,1,2023-10-26
2360,TORTONA,MILANO_CENTRALE,501,572,2,1,2023-10-26
2362,VOGHERA,MILANO_CENTRALE,585,640,5,1,2023-10-26
2367,ALESSANDRIA,MILANO_CENTRALE,733,817,2,1,2023-10-26
2368,ALESSANDRIA,MILANO_CENTRALE,733,817,2,1,2023-10-26
2373,ALESSANDRIA,MILANO_CENTRALE,913,997,2,1,2023-10-26
2374,ALESSANDRIA,MILANO_CENTRALE,913,997,2,1,2023-10-26
2375,ASTI,MILANO_PORTA_GARIBALDI,944,1074,4,1,2023-10-26
2376,ASTI,MILANO_PORTA_GARIBALDI,944,1074,4,1,2023-10-26
2377,ALESSANDRIA,MILANO_CENTRALE,1033,1117,2,1,2023-10-26
2378,ALESSANDRIA,MILANO_CENTRALE,1033,1117,2,1,2023-10-26
2381,ALESSANDRIA,MILANO_CENTRALE,1151,1235,0,1,2023-10-26
2382,ALESSANDRIA,MILANO_CENTRALE,1151,1235,0,1,2023-10-26
2384,TORTONA,MILANO_CENTRALE,1218,1290,0,1,2023-10-26
2385,ALESSANDRIA,MILANO_CENTRALE,1271,1355,0,1,2023-10-26
2386,ALESSANDRIA,MILANO_CENTRALE,1271,1355,0,1,2023-10-26
2388,VOGHERA,MILANO_ROGOREDO,1390,1430,0,1,2023-10-26
2398,VOGHERA,MILANO_CERTOSA,489,562,17,1,2023-10-26
2411,DOMODOSSOLA,MILANO_CENTRALE,294,397,0,1,2023-10-26
2414,MILANO_CENTRALE,DOMODOSSOLA,443,544,0,1,2023-10-26
2415,DOMODOSSOLA,MILANO_CENTRALE,416,517,2,1,2023-10-26
2416,MILANO_CENTRALE,DOMODOSSOLA,509,608,4,1,2023-10-26
2418,MILANO_CENTRALE,DOMODOSSOLA,568,667,3,1,2023-10-26
2426,MILANO_CENTRALE,DOMODOSSOLA,817,916,12,1,2023-10-26
2427,DOMODOSSOLA,MILANO_CENTRALE,775,875,0,1,2023-10-26
2431,DOMODOSSOLA,MILANO_CENTRALE,898,997,2,1,2023-10-26
2434,MILANO_CENTRALE,DOMODOSSOLA,1045,1144,0,1,2023-10-26
2435,DOMODOSSOLA,MILANO_CENTRALE,1020,1121,4,1,2023-10-26
2436,MILANO_CENTRALE,DOMODOSSOLA,1105,1204,0,1,2023-10-26
2438,MILANO_CENTRALE,DOMODOSSOLA,1165,1264,0,1,2023-10-26
2439,DOMODOSSOLA,MILANO_CENTRALE,1136,1237,0,1,2023-10-26
2442,MILANO_CENTRALE,DOMODOSSOLA,1285,1384,0,1,2023-10-26
2443,DOMODOSSOLA,MILANO_CENTRALE,1256,1355,0,1,2023-10-26
2451,MILANO_CENTRALE,BOLOGNA_C.LE,310,485,0,1,2023-10-26
2452,PARMA,MILANO_CENTRALE,374,469,4,1,2023-10-26
2454,BOLOGNA_C.LE,MILANO_CENTRALE,333,485,5,1,2023-10-26
2455,MILANO_CENTRALE,BOLOGNA_C.LE,441,611,1,1,2023-10-26
2456,BOLOGNA_C.LE,MILANO_PORTA_GARIBALDI,339,514,0,1,2023-10-26
2457,MILANO_CENTRALE,PIACENZA,498,550,8,1,2023-10-26
2458,BOLOGNA_C.LE,MILANO_CENTRALE,357,537,7,1,2023-10-26
2459,MILANO_CENTRALE,BOLOGNA_C.LE,559,730,0,1,2023-10-26
2460,BOLOGNA_C.LE,MILANO_CENTRALE,417,590,0,1,2023-10-26
2462,RIMINI,MILANO_CENTRALE,324,649,4,1,2023-10-26
2463,MILANO_CENTRALE,BOLOGNA_C.LE,679,850,0,1,2023-10-26
2465,MILANO_CENTRALE,PARMA,733,823,0,1,2023-10-26
2466,BOLOGNA_C.LE,MILANO_CENTRALE,592,767,2,1,2023-10-26
2467,MILANO_CENTRALE,BOLOGNA_C.LE,799,970,0,1,2023-10-26
2470,BOLOGNA_C.LE,MILANO_CENTRALE,715,890,5,1,2023-10-26
2471,MILANO_CENTRALE,BOLOGNA_C.LE,927,1097,7,1,2023-10-26
2472,PARMA,MILANO_CENTRALE,855,945,0,1,2023-10-26
2473,MILANO_CENTRALE,PARMA,980,1068,5,1,2023-10-26
2474,BOLOGNA_C.LE,MILANO_CENTRALE,832,1007,2,1,2023-10-26
2477,MILANO_CENTRALE,RIMINI,1095,1398,0,1,2023-10-26
2478,BOLOGNA_C.LE,MILANO_CENTRALE,953,1128,3,1,2023-10-26
2479,MILANO_CENTRALE,BOLOGNA_C.LE,1160,1330,0,1,2023-10-26
2480,PARMA,MILANO_CENTRALE,1095,1185,0,1,2023-10-26
2485,MILANO_PORTA_GARIBALDI,BOLOGNA_C.LE,1325,33,0,1,2023-10-26
2486,BOLOGNA_C.LE,MILANO_CENTRALE,1190,1365,0,1,2023-10-26
2512,VARESE,PORTO_CERESIO,329,349,4,1,2023-10-26
2516,MILANO_PORTA_GARIBALDI,PORTO_CERESIO,333,406,1,1,2023-10-26
2517,PORTO_CERESIO,MILANO_PORTA_GARIBALDI,312,388,0,1,2023-10-26
2520,MILANO_PORTA_GARIBALDI,PORTO_CERESIO,393,466,1,1,2023-10-26
2521,PORTO_CERESIO,MILANO_PORTA_GARIBALDI,381,466,5,1,2023-10-26
2524,MILANO_PORTA_GARIBALDI,PORTO_CERESIO,453,526,1,1,2023-10-26
2525,PORTO_CERESIO,MILANO_PORTA_GARIBALDI,438,510,2,1,2023-10-26
2527,VARESE,MILANO_PORTA_GARIBALDI,492,544,6,1,2023-10-26
2528,MILANO_PORTA_GARIBALDI,PORTO_CERESIO,517,590,5,1,2023-10-26
2529,PORTO_CERESIO,MILANO_PORTA_GARIBALDI,500,572,4,1,2023-10-26
2532,MILANO_PORTA_GARIBALDI,PORTO_CERESIO,573,646,1,1,2023-10-26
2533,PORTO_CERESIO,MILANO_PORTA_GARIBALDI,560,632,4,1,2023-10-26
2536,MILANO_PORTA_GARIBALDI,PORTO_CERESIO,633,706,1,1,2023-10-26
2537,PORTO_CERESIO,MILANO_PORTA_GARIBALDI,614,688,0,1,2023-10-26
2540,MILANO_PORTA_GARIBALDI,PORTO_CERESIO,697,770,5,1,2023-10-26
2541,PORTO_CERESIO,MILANO_PORTA_GARIBALDI,676,748,0,1,2023-10-26
2544,MILANO_PORTA_GARIBALDI,PORTO_CERESIO,754,827,2,1,2023-10-26
2545,PORTO_CERESIO,MILANO_PORTA_GARIBALDI,738,810,2,1,2023-10-26
2548,MILANO_PORTA_GARIBALDI,PORTO_CERESIO,814,887,2,1,2023-10-26
2549,PORTO_CERESIO,MILANO_PORTA_GARIBALDI,798,870,2,1,2023-10-26
2552,MILANO_PORTA_GARIBALDI,PORTO_CERESIO,873,946,1,1,2023-10-26
2553,PORTO_CERESIO,MILANO_PORTA_GARIBALDI,858,930,2,1,2023-10-26
2556,MILANO_PORTA_GARIBALDI,PORTO_CERESIO,930,1005,0,1,2023-10-26
2557,PORTO_CERESIO,MILANO_PORTA_GARIBALDI,915,988,0,1,2023-10-26
2560,MILANO_PORTA_GARIBALDI,PORTO_CERESIO,996,1069,4,1,2023-10-26
2561,PORTO_CERESIO,MILANO_PORTA_GARIBALDI,977,1049,1,1,2023-10-26
2564,MILANO_PORTA_GARIBALDI,PORTO_CERESIO,1052,1125,0,1,2023-10-26
2565,PORTO_CERESIO,MILANO_PORTA_GARIBALDI,1038,1110,2,1,2023-10-26
2566,MILANO_PORTA_GARIBALDI,VARESE,1080,1133,0,1,2023-10-26
2568,MILANO_PORTA_GARIBALDI,PORTO_CERESIO,1112,1185,0,1,2023-10-26
2569,PORTO_CERESIO,MILANO_PORTA_GARIBALDI,1096,1168,0,1,2023-10-26
2570,MILANO_PORTA_GARIBALDI,VARESE,1140,1193,0,1,2023-10-26
2571,VARESE,MILANO_PORTA_GARIBALDI,1146,1198,0,1,2023-10-26
2572,MILANO_PORTA_GARIBALDI,PORTO_CERESIO,1172,1245,0,1,2023-10-26
2573,PORTO_CERESIO,MILANO_PORTA_GARIBALDI,1156,1228,0,1,2023-10-26
2576,MILANO_PORTA_GARIBALDI,PORTO_CERESIO,1232,1305,0,1,2023-10-26
2577,PORTO_CERESIO,MILANO_PORTA_GARIBALDI,1216,1288,0,1,2023-10-26
2581,PORTO_CERESIO,VARESE,1276,1296,0,1,2023-10-26
2593,MILANO_CENTRALE,PISA_CENTRALE,409,705,0,1,2023-10-26
2594,LIVORNO_CENTRALE,MILANO_PORTA_GARIBALDI,350,643,2,1,2023-10-26
2595,MILANO_PORTA_GARIBALDI,LIVORNO_CENTRALE,1025,1350,0,1,2023-10-26
2596,PISA_CENTRALE,MILANO_CENTRALE,1147,1402,0,1,2023-10-26
2606,VERONA_PORTA_NUOVA,MILANO_CENTRALE,409,521,6,1,2023-10-26
2608,VERONA_PORTA_NUOVA,MILANO_CENTRALE,429,539,14,1,2023-10-26
2613,MILANO_CENTRALE,VERONA_PORTA_NUOVA,383,497,0,1,2023-10-26
2615,MILANO_CENTRALE,VERONA_PORTA_NUOVA,446,558,1,1,2023-10-26
2616,VERONA_PORTA_NUOVA,MILANO_CENTRALE,344,456,1,1,2023-10-26
2617,MILANO_CENTRALE,VERONA_PORTA_NUOVA,506,618,1,1,2023-10-26
2619,MILANO_CENTRALE,VERONA_PORTA_NUOVA,588,700,23,1,2023-10-26
2620,VERONA_PORTA_NUOVA,MILANO_CENTRALE,472,584,9,1,2023-10-26
2621,MILANO_CENTRALE,VERONA_PORTA_NUOVA,626,738,1,1,2023-10-26
2622,VERONA_PORTA_NUOVA,MILANO_CENTRALE,522,638,3,1,2023-10-26
2623,MILANO_CENTRALE,VERONA_PORTA_NUOVA,683,797,0,1,2023-10-26
2624,VERONA_PORTA_NUOVA,MILANO_CENTRALE,590,702,7,1,2023-10-26
2625,MILANO_CENTRALE,VERONA_PORTA_NUOVA,742,857,0,1,2023-10-26
2626,VERONA_PORTA_NUOVA,MILANO_CENTRALE,642,755,0,1,2023-10-26
2627,MILANO_CENTRALE,VERONA_PORTA_NUOVA,807,919,2,1,2023-10-26
2628,VERONA_PORTA_NUOVA,MILANO_CENTRALE,703,815,0,1,2023-10-26
2629,MILANO_CENTRALE,VERONA_PORTA_NUOVA,861,977,0,1,2023-10-26
2630,VERONA_PORTA_NUOVA,MILANO_CENTRALE,771,883,8,1,2023-10-26
2631,MILANO_CENTRALE,VERONA_PORTA_NUOVA,927,1039,2,1,2023-10-26
2632,VERONA_PORTA_NUOVA,MILANO_CENTRALE,829,941,6,1,2023-10-26
2633,MILANO_CENTRALE,VERONA_PORTA_NUOVA,988,1100,3,1,2023-10-26
2635,MILANO_CENTRALE,VERONA_PORTA_NUOVA,1045,1157,0,1,2023-10-26
2636,VERONA_PORTA_NUOVA,MILANO_CENTRALE,943,1055,0,1,2023-10-26
2637,MILANO_CENTRALE,VERONA_PORTA_NUOVA,1105,1217,0,1,2023-10-26
2639,MILANO_CENTRALE,VERONA_PORTA_NUOVA,1165,1277,0,1,2023-10-26
2640,VERONA_PORTA_NUOVA,MILANO_CENTRALE,1063,1175,0,1,2023-10-26
2641,MILANO_CENTRALE,VERONA_PORTA_NUOVA,1225,1337,0,1,2023-10-26
2642,VERONA_PORTA_NUOVA,MILANO_CENTRALE,1123,1235,0,1,2023-10-26
2643,MILANO_CENTRALE,VERONA_PORTA_NUOVA,1285,1397,0,1,2023-10-26
2644,VERONA_PORTA_NUOVA,MILANO_CENTRALE,1183,1295,0,1,2023-10-26
2645,MILANO_CENTRALE,VERONA_PORTA_NUOVA,1345,17,0,1,2023-10-26
2646,VERONA_PORTA_NUOVA,MILANO_CENTRALE,1243,1355,0,1,2023-10-26
2648,VERONA_PORTA_NUOVA,MILANO_CENTRALE,1303,1415,0,1,2023-10-26
2649,M_N_CADORNA,ERBA,879,944,0,1,2023-10-26
2655,M_N_CADORNA,ERBA,939,1004,0,1,2023-10-26
2656,BRESCIA,MILANO_CENTRALE,351,420,0,1,2023-10-26
2658,BRESCIA,MILANO_CENTRALE,413,481,1,1,2023-10-26
2660,BRESCIA,MILANO_CENTRALE,482,545,10,1,2023-10-26
2666,ERBA,M_N_CADORNA,1036,1103,0,1,2023-10-26
2675,MILANO_CENTRALE,BRESCIA,1070,1133,0,1,2023-10-26
2676,ASSO,M_N_CADORNA,1143,1223,0,1,2023-10-26
2677,MILANO_CENTRALE,BRESCIA,1130,1193,0,1,2023-10-26
2679,M_N_CADORNA,ASSO,1179,1261,0,1,2023-10-26
2683,M_N_CADORNA,ERBA,1239,1304,0,1,2023-10-26
2685,MILANO_CENTRALE,VERONA_PORTA_NUOVA,1375,47,0,1,2023-10-26
2712,AOSTA,TORINO_P.NUOVA,347,462,7,1,2023-10-26
2713,TORINO_P.NUOVA,AOSTA,329,444,4,1,2023-10-26
2714,AOSTA,TORINO_P.NUOVA,405,525,5,1,2023-10-26
2716,AOSTA,TORINO_P.NUOVA,463,578,3,1,2023-10-26
2717,TORINO_P.NUOVA,AOSTA,454,569,9,1,2023-10-26
2718,AOSTA,TORINO_P.NUOVA,518,635,0,1,2023-10-26
2719,TORINO_P.NUOVA,AOSTA,508,623,3,1,2023-10-26
2720,CAMNAGO_LENTATE,M_N_CADORNA,440,487,0,1,2023-10-26
2721,TORINO_P.NUOVA,AOSTA,565,680,0,1,2023-10-26
2722,AOSTA,TORINO_P.NUOVA,639,755,0,1,2023-10-26
2724,CAMNAGO_LENTATE,M_N_CADORNA,470,517,0,1,2023-10-26
2725,TORINO_P.NUOVA,AOSTA,686,801,1,1,2023-10-26
2726,AOSTA,TORINO_P.NUOVA,761,876,1,1,2023-10-26
2727,TORINO_P.NUOVA,IVREA,747,806,2,1,2023-10-26
2728,IVREA,TORINO_P.NUOVA,870,930,5,1,2023-10-26
2729,TORINO_P.NUOVA,AOSTA,816,931,11,1,2023-10-26
2730,AOSTA,TORINO_P.NUOVA,881,996,1,1,2023-10-26
2731,TORINO_P.NUOVA,AOSTA,871,986,6,1,2023-10-26
2732,AOSTA,TORINO_P.NUOVA,947,1062,7,1,2023-10-26
2734,CAMNAGO_LENTATE,M_N_CADORNA,620,667,0,1,2023-10-26
2735,TORINO_P.NUOVA,AOSTA,990,1105,5,1,2023-10-26
2736,AOSTA,TORINO_P.NUOVA,1060,1175,0,1,2023-10-26
2737,TORINO_P.NUOVA,AOSTA,1045,1160,0,1,2023-10-26
2738,AOSTA,TORINO_P.NUOVA,1120,1235,0,1,2023-10-26
2739,TORINO_P.NUOVA,AOSTA,1105,1220,0,1,2023-10-26
2740,AOSTA,TORINO_P.NUOVA,1180,1295,0,1,2023-10-26
2742,AOSTA,TORINO_P.NUOVA,1240,1355,0,1,2023-10-26
2743,TORINO_P.NUOVA,AOSTA,1225,1340,0,1,2023-10-26
2744,CAMNAGO_LENTATE,M_N_CADORNA,770,817,0,1,2023-10-26
2746,CAMNAGO_LENTATE,M_N_CADORNA,800,847,0,1,2023-10-26
2747,TORINO_P.NUOVA,AOSTA,1345,10,0,1,2023-10-26
2748,CAMNAGO_LENTATE,M_N_CADORNA,830,877,0,1,2023-10-26
2750,CAMNAGO_LENTATE,M_N_CADORNA,860,907,0,1,2023-10-26
2752,CAMNAGO_LENTATE,M_N_CADORNA,890,937,0,1,2023-10-26
2754,CAMNAGO_LENTATE,M_N_CADORNA,920,967,0,1,2023-10-26
2756,CAMNAGO_LENTATE,M_N_CADORNA,950,997,0,1,2023-10-26
2758,CAMNAGO_LENTATE,M_N_CADORNA,980,1027,0,1,2023-10-26
2760,CAMNAGO_LENTATE,M_N_CADORNA,1010,1057,0,1,2023-10-26
2762,CAMNAGO_LENTATE,M_N_CADORNA,1040,1087,0,1,2023-10-26
2768,CAMNAGO_LENTATE,M_N_CADORNA,1070,1117,0,1,2023-10-26
2770,CAMNAGO_LENTATE,M_N_CADORNA,1100,1147,0,1,2023-10-26
2772,CAMNAGO_LENTATE,M_N_CADORNA,1130,1177,0,1,2023-10-26
2774,CAMNAGO_LENTATE,M_N_CADORNA,1160,1207,0,1,2023-10-26
2778,CAMNAGO_LENTATE,M_N_CADORNA,1190,1237,0,1,2023-10-26
2780,CAMNAGO_LENTATE,M_N_CADORNA,1220,1267,0,1,2023-10-26
2782,CAMNAGO_LENTATE,M_N_CADORNA,1250,1297,0,1,2023-10-26
2784,CAMNAGO_LENTATE,M_N_CADORNA,1280,1327,0,1,2023-10-26
2811,LECCO,MILANO_CENTRALE,359,400,0,1,2023-10-26
2812,MILANO_CENTRALE,TIRANO,378,532,0,1,2023-10-26
2815,TIRANO,MILANO_CENTRALE,375,523,3,1,2023-10-26
2816,MILANO_CENTRALE,TIRANO,501,653,1,1,2023-10-26
2817,TIRANO,MILANO_CENTRALE,423,583,3,1,2023-10-26
2818,MILANO_CENTRALE,TIRANO,564,729,4,1,2023-10-26
2820,MILANO_CENTRALE,TIRANO,618,772,0,1,2023-10-26
2824,MILANO_CENTRALE,TIRANO,739,892,0,1,2023-10-26
2825,TIRANO,MILANO_CENTRALE,665,820,0,1,2023-10-26
2827,TIRANO,MILANO_CENTRALE,730,882,2,1,2023-10-26
2828,MILANO_CENTRALE,TIRANO,856,1012,0,1,2023-10-26
2829,TIRANO,MILANO_CENTRALE,790,942,2,1,2023-10-26
2831,LECCO,MILANO_CENTRALE,965,1019,4,1,2023-10-26
2833,TIRANO,MILANO_CENTRALE,907,1060,0,1,2023-10-26
2835,TIRANO,MILANO_CENTRALE,969,1121,1,1,2023-10-26
2836,MILANO_CENTRALE,TIRANO,1100,1252,0,1,2023-10-26
2837,TIRANO,MILANO_CENTRALE,1034,1186,6,1,2023-10-26
2838,MILANO_CENTRALE,TIRANO,1160,1312,0,1,2023-10-26
2839,TIRANO,MILANO_CENTRALE,1088,1240,0,1,2023-10-26
2840,MILANO_CENTRALE,SONDRIO,1220,1341,0,1,2023-10-26
2842,MILANO_CENTRALE,LECCO,1280,1321,0,1,2023-10-26
2843,TIRANO,MILANO_CENTRALE,1208,1360,0,1,2023-10-26
2855,COLICO,MILANO_ROGOREDO,380,512,6,1,2023-10-26
2857,LECCO,MILANO_CENTRALE,504,551,4,1,2023-10-26
2858,MILANO_ROGOREDO,LECCO,579,632,3,1,2023-10-26
2863,LECCO,MILANO_ROGOREDO,696,751,5,1,2023-10-26
2868,MILANO_ROGOREDO,LECCO,877,930,1,1,2023-10-26
2874,MILANO_CENTRALE,LECCO,1070,1116,0,1,2023-10-26
2876,MILANO_CENTRALE,LECCO,1128,1175,0,1,2023-10-26
2913,SARONNO,MILANO_CENTRALE,304,337,0,1,2023-10-26
2916,MILANO_PORTA_GARIBALDI,SARONNO,335,354,0,1,2023-10-26
2917,SARONNO,MILANO_CENTRALE,371,402,5,1,2023-10-26
2918,MILANO_CENTRALE,SARONNO,357,386,2,1,2023-10-26
2919,SARONNO,MILANO_CENTRALE,395,427,0,1,2023-10-26
2920,MILANO_CENTRALE,SARONNO,387,416,2,1,2023-10-26
2921,SARONNO,MILANO_CENTRALE,426,457,0,1,2023-10-26
2922,MILANO_CENTRALE,SARONNO,419,448,4,1,2023-10-26
2923,SARONNO,MILANO_CENTRALE,458,489,2,1,2023-10-26
2924,MILANO_CENTRALE,SARONNO,448,477,3,1,2023-10-26
2925,SARONNO,MILANO_CENTRALE,487,518,1,1,2023-10-26
2926,MILANO_CENTRALE,SARONNO,481,510,6,1,2023-10-26
2927,SARONNO,MILANO_CENTRALE,519,550,3,1,2023-10-26
2928,MILANO_CENTRALE,SARONNO,508,537,3,1,2023-10-26
2929,SARONNO,MILANO_CENTRALE,545,577,0,1,2023-10-26
2930,MILANO_CENTRALE,SARONNO,538,567,3,1,2023-10-26
2931,SARONNO,MILANO_CENTRALE,582,613,6,1,2023-10-26
2932,MILANO_CENTRALE,SARONNO,570,599,5,1,2023-10-26
2933,SARONNO,MILANO_CENTRALE,606,637,0,1,2023-10-26
2934,MILANO_CENTRALE,SARONNO,602,631,7,1,2023-10-26
2935,SARONNO,MILANO_CENTRALE,638,669,2,1,2023-10-26
2936,MILANO_CENTRALE,SARONNO,625,654,0,1,2023-10-26
2937,SARONNO,MILANO_CENTRALE,669,700,3,1,2023-10-26
2938,MILANO_CENTRALE,SARONNO,664,693,9,1,2023-10-26
2939,SARONNO,MILANO_CENTRALE,693,727,0,1,2023-10-26
2940,MILANO_CENTRALE,SARONNO,686,715,1,1,2023-10-26
2941,SARONNO,MILANO_CENTRALE,728,759,2,1,2023-10-26
2942,MILANO_CENTRALE,SARONNO,717,746,2,1,2023-10-26
2943,SARONNO,MILANO_CENTRALE,766,797,10,1,2023-10-26
2944,MILANO_CENTRALE,SARONNO,746,775,1,1,2023-10-26
2945,SARONNO,MILANO_CENTRALE,785,817,0,1,2023-10-26
2946,MILANO_CENTRALE,SARONNO,778,807,3,1,2023-10-26
2947,SARONNO,MILANO_CENTRALE,818,849,2,1,2023-10-26
2948,MILANO_CENTRALE,SARONNO,809,838,4,1,2023-10-26
2949,SARONNO,MILANO_CENTRALE,847,878,1,1,2023-10-26
2950,MILANO_CENTRALE,SARONNO,838,867,3,1,2023-10-26
2951,SARONNO,MILANO_CENTRALE,879,910,3,1,2023-10-26
2952,MILANO_CENTRALE,SARONNO,872,901,7,1,2023-10-26
2953,SARONNO,MILANO_CENTRALE,910,941,4,1,2023-10-26
2954,MILANO_CENTRALE,SARONNO,895,924,0,1,2023-10-26
2955,SARONNO,MILANO_CENTRALE,935,967,0,1,2023-10-26
2956,MILANO_CENTRALE,SARONNO,926,955,1,1,2023-10-26
2957,SARONNO,MILANO_CENTRALE,970,1001,4,1,2023-10-26
2958,MILANO_CENTRALE,SARONNO,957,986,2,1,2023-10-26
2959,SARONNO,MILANO_CENTRALE,997,1028,1,1,2023-10-26
2960,MILANO_CENTRALE,SARONNO,986,1015,1,1,2023-10-26
2961,SARONNO,MILANO_CENTRALE,1024,1057,0,1,2023-10-26
2962,MILANO_CENTRALE,SARONNO,1018,1047,3,1,2023-10-26
2963,SARONNO,MILANO_CENTRALE,1056,1087,0,1,2023-10-26
2964,MILANO_CENTRALE,SARONNO,1045,1074,0,1,2023-10-26
2965,SARONNO,MILANO_CENTRALE,1086,1117,0,1,2023-10-26
2966,MILANO_CENTRALE,SARONNO,1075,1104,0,1,2023-10-26
2967,SARONNO,MILANO_CENTRALE,1116,1147,0,1,2023-10-26
2968,MILANO_CENTRALE,SARONNO,1105,1134,0,1,2023-10-26
2969,SARONNO,MILANO_CENTRALE,1146,1177,0,1,2023-10-26
2970,MILANO_CENTRALE,SARONNO,1135,1164,0,1,2023-10-26
2971,SARONNO,MILANO_CENTRALE,1176,1207,0,1,2023-10-26
2972,MILANO_CENTRALE,SARONNO,1165,1194,0,1,2023-10-26
2973,SARONNO,MILANO_CENTRALE,1206,1237,0,1,2023-10-26
2974,MILANO_CENTRALE,SARONNO,1195,1224,0,1,2023-10-26
2975,SARONNO,MILANO_CENTRALE,1236,1267,0,1,2023-10-26
2976,MILANO_CENTRALE,SARONNO,1225,1254,0,1,2023-10-26
2977,SARONNO,MILANO_CENTRALE,1266,1297,0,1,2023-10-26
2979,SARONNO,MILANO_CENTRALE,1296,1327,0,1,2023-10-26
2981,SARONNO,MILANO_CENTRALE,1326,1357,0,1,2023-10-26
2984,MILANO_CENTRALE,SARONNO,1345,1374,0,1,2023-10-26
2985,SARONNO,MILANO_PORTA_GARIBALDI,1386,1405,0,1,2023-10-26
2988,MILANO_CENTRALE,SARONNO,1405,1434,0,1,2023-10-26
3005,MILANO_PORTA_GARIBALDI,ARQUATA_SCRIVIA,1037,1132,0,1,2023-10-26
3006,TORTONA,MILANO_CENTRALE,402,476,1,1,2023-10-26
3007,MILANO_CENTRALE,ARQUATA_SCRIVIA,1090,1177,0,1,2023-10-26
3008,ARQUATA_SCRIVIA,MILANO_CERTOSA,408,506,3,1,2023-10-26
3013,MILANO_CENTRALE,GENOVA_BRIGNOLE,387,508,2,1,2023-10-26
3015,MILANO_CENTRALE,SESTRI_LEVANTE,443,628,0,1,2023-10-26
3016,SESTRI_LEVANTE,MILANO_CENTRALE,274,457,2,1,2023-10-26
3017,MILANO_CENTRALE,SAVONA,514,716,4,1,2023-10-26
3018,MILANO_CENTRALE,SAVONA,514,716,4,1,2023-10-26
3019,VENTIMIGLIA,MILANO_CENTRALE,312,578,3,1,2023-10-26
3020,VENTIMIGLIA,MILANO_CENTRALE,312,578,3,1,2023-10-26
3025,MILANO_CENTRALE,GENOVA_BRIGNOLE,746,868,1,1,2023-10-26
3029,MILANO_CENTRALE,ALBENGA,867,1105,2,1,2023-10-26
3030,MILANO_CENTRALE,ALBENGA,867,1105,2,1,2023-10-26
3032,GENOVA_BRIGNOLE,MILANO_CENTRALE,817,936,1,1,2023-10-26
3033,MILANO_CENTRALE,GENOVA_BRIGNOLE,985,1110,0,1,2023-10-26
3037,MILANO_CENTRALE,GENOVA_BRIGNOLE,1105,1230,0,1,2023-10-26
3040,GENOVA_P.PRINCIPE,MILANO_CENTRALE,1064,1175,0,1,2023-10-26
3041,MILANO_CENTRALE,ALASSIO,1225,1439,0,1,2023-10-26
3042,MILANO_CENTRALE,ALASSIO,1225,1439,0,1,2023-10-26
3044,GENOVA_BRIGNOLE,MILANO_CENTRALE,1176,1295,0,1,2023-10-26
3046,GENOVA_P.PRINCIPE,MILANO_CENTRALE,1235,1345,0,1,2023-10-26
3047,ALBENGA,MILANO_CENTRALE,1210,1415,0,1,2023-10-26
3048,ALBENGA,MILANO_CENTRALE,1210,1415,0,1,2023-10-26
3106,CEVA,TORINO_P.NUOVA,418,503,8,1,2023-10-26
3107,TORINO_P.NUOVA,SAVONA,1135,1272,0,1,2023-10-26
3109,TORINO_P.NUOVA,CEVA,1195,1280,0,1,2023-10-26
3114,SAVONA,TORINO_P.NUOVA,331,455,0,1,2023-10-26
3115,TORINO_P.NUOVA,VENTIMIGLIA,387,652,2,1,2023-10-26
3116,TORINO_P.NUOVA,VENTIMIGLIA,387,652,2,1,2023-10-26
3118,SAVONA,TORINO_P.NUOVA,453,577,2,1,2023-10-26
3119,TORINO_P.NUOVA,VENTIMIGLIA,503,770,0,1,2023-10-26
3120,TORINO_P.NUOVA,VENTIMIGLIA,503,770,0,1,2023-10-26
3121,TORINO_P.NUOVA,SAVONA,627,758,2,1,2023-10-26
3122,SAVONA,TORINO_P.NUOVA,574,698,3,1,2023-10-26
3126,SAVONA,TORINO_P.NUOVA,692,816,1,1,2023-10-26
3127,TORINO_P.NUOVA,SAVONA,753,884,8,1,2023-10-26
3128,SAVONA,TORINO_P.NUOVA,811,936,1,1,2023-10-26
3131,TORINO_P.NUOVA,VENTIMIGLIA,872,1137,7,1,2023-10-26
3132,TORINO_P.NUOVA,VENTIMIGLIA,872,1137,7,1,2023-10-26
3133,TORINO_P.NUOVA,SAVONA,986,1117,1,1,2023-10-26
3134,SAVONA,TORINO_P.NUOVA,929,1055,0,1,2023-10-26
3137,VENTIMIGLIA,TORINO_P.NUOVA,936,1183,8,1,2023-10-26
3138,VENTIMIGLIA,TORINO_P.NUOVA,936,1183,8,1,2023-10-26
3139,TORINO_P.NUOVA,SAVONA,1105,1236,0,1,2023-10-26
3141,VENTIMIGLIA,TORINO_P.NUOVA,1048,1295,0,1,2023-10-26
3142,VENTIMIGLIA,TORINO_P.NUOVA,1048,1295,0,1,2023-10-26
3143,TORINO_P.NUOVA,SAVONA,1225,1356,0,1,2023-10-26
3145,VENTIMIGLIA,TORINO_P.NUOVA,1168,1420,0,1,2023-10-26
3146,VENTIMIGLIA,TORINO_P.NUOVA,1168,1420,0,1,2023-10-26
3206,CUNEO,TORINO_P.NUOVA,412,485,0,1,2023-10-26
3207,TORINO_P.NUOVA,CUNEO,1070,1141,0,1,2023-10-26
3208,CUNEO,TORINO_P.NUOVA,472,546,1,1,2023-10-26
3211,TORINO_P.NUOVA,CUNEO,327,398,2,1,2023-10-26
3212,CUNEO,TORINO_P.NUOVA,323,395,0,1,2023-10-26
3215,TORINO_P.NUOVA,CUNEO,440,516,0,1,2023-10-26
3218,CUNEO,TORINO_P.NUOVA,448,519,4,1,2023-10-26
3219,TORINO_P.NUOVA,CUNEO,566,637,1,1,2023-10-26
3223,TORINO_P.NUOVA,CUNEO,684,756,0,1,2023-10-26
3224,CUNEO,TORINO_P.NUOVA,567,638,3,1,2023-10-26
3227,TORINO_P.NUOVA,CUNEO,807,878,2,1,2023-10-26
3228,CUNEO,TORINO_P.NUOVA,687,758,3,1,2023-10-26
3231,TORINO_P.NUOVA,CUNEO,929,1000,4,1,2023-10-26
3232,CUNEO,TORINO_P.NUOVA,809,880,5,1,2023-10-26
3235,TORINO_P.NUOVA,CUNEO,1045,1116,0,1,2023-10-26
3236,CUNEO,TORINO_P.NUOVA,924,995,0,1,2023-10-26
3239,TORINO_P.NUOVA,CUNEO,1165,1236,0,1,2023-10-26
3240,CUNEO,TORINO_P.NUOVA,1044,1115,0,1,2023-10-26
3243,TORINO_P.NUOVA,CUNEO,1285,1356,0,1,2023-10-26
3244,CUNEO,TORINO_P.NUOVA,1164,1235,0,1,2023-10-26
3248,CUNEO,TORINO_P.NUOVA,1284,1355,0,1,2023-10-26
3257,GENOVA_BRIGNOLE,LA_SPEZIA_CENTRALE,367,466,1,1,2023-10-26
3258,LA_SPEZIA_CENTRALE,GENOVA_BRIGNOLE,470,563,0,1,2023-10-26
3261,PARMA,GENOVA_BRIGNOLE,462,675,0,1,2023-10-26
3262,PARMA,GENOVA_BRIGNOLE,462,675,0,1,2023-10-26
3265,GENOVA_BRIGNOLE,LA_SPEZIA_CENTRALE,647,732,2,1,2023-10-26
3266,LA_SPEZIA_CENTRALE,GENOVA_BRIGNOLE,711,799,1,1,2023-10-26
3269,GENOVA_BRIGNOLE,LA_SPEZIA_CENTRALE,766,851,1,1,2023-10-26
3270,LA_SPEZIA_CENTRALE,GENOVA_BRIGNOLE,840,928,10,1,2023-10-26
3273,GENOVA_BRIGNOLE,LA_SPEZIA_CENTRALE,938,1023,53,1,2023-10-26
3274,LA_SPEZIA_CENTRALE,GENOVA_BRIGNOLE,956,1041,6,1,2023-10-26
3277,GENOVA_BRIGNOLE,LA_SPEZIA_CENTRALE,1009,1094,4,1,2023-10-26
3278,LA_SPEZIA_CENTRALE,GENOVA_BRIGNOLE,1070,1158,0,1,2023-10-26
3281,GENOVA_BRIGNOLE,LA_SPEZIA_CENTRALE,1125,1210,0,1,2023-10-26
3282,LA_SPEZIA_CENTRALE,GENOVA_BRIGNOLE,1185,1302,0,1,2023-10-26
3283,GENOVA_BRIGNOLE,PARMA,1170,1394,0,1,2023-10-26
3284,GENOVA_BRIGNOLE,PARMA,1170,1394,0,1,2023-10-26
3285,GENOVA_BRIGNOLE,LA_SPEZIA_CENTRALE,1245,1330,0,1,2023-10-26
3288,LA_SPEZIA_CENTRALE,GENOVA_BRIGNOLE,1390,86,0,1,2023-10-26
3289,GENOVA_BRIGNOLE,LA_SPEZIA_CENTRALE,1380,52,0,1,2023-10-26
3356,GENOVA_BRIGNOLE,VENTIMIGLIA,316,487,1,1,2023-10-26
3357,VENTIMIGLIA,GENOVA_BRIGNOLE,330,493,0,1,2023-10-26
3358,GENOVA_BRIGNOLE,VENTIMIGLIA,358,546,0,1,2023-10-26
3359,ALASSIO,GENOVA_BRIGNOLE,415,531,3,1,2023-10-26
3360,SESTRI_LEVANTE,VENTIMIGLIA,378,606,0,1,2023-10-26
3361,VENTIMIGLIA,GENOVA_SESTRI_PONENTE,475,600,0,1,2023-10-26
3364,GENOVA_SESTRI_PONENTE,VENTIMIGLIA,596,726,0,1,2023-10-26
3365,VENTIMIGLIA,GENOVA_SESTRI_PONENTE,600,723,3,1,2023-10-26
3367,VENTIMIGLIA,GENOVA_SESTRI_PONENTE,720,843,3,1,2023-10-26
3368,GENOVA_SESTRI_PONENTE,VENTIMIGLIA,713,846,0,1,2023-10-26
3371,VENTIMIGLIA,GENOVA_BRIGNOLE,835,990,0,1,2023-10-26
3372,GENOVA_SESTRI_PONENTE,VENTIMIGLIA,835,966,0,1,2023-10-26
3375,VENTIMIGLIA,GENOVA_BRIGNOLE,965,1113,8,1,2023-10-26
3376,GENOVA_P.PRINCIPE,VENTIMIGLIA,958,1101,15,1,2023-10-26
3379,VENTIMIGLIA,GENOVA_BRIGNOLE,1077,1225,0,1,2023-10-26
3380,GENOVA_BRIGNOLE,VENTIMIGLIA,1055,1206,0,1,2023-10-26
3383,VENTIMIGLIA,GENOVA_BRIGNOLE,1197,1352,0,1,2023-10-26
3384,GENOVA_BRIGNOLE,VENTIMIGLIA,1175,1326,0,1,2023-10-26
3428,VENEZIA_SANTA_LUCIA,VICENZA,550,628,32,1,2023-10-26
3431,VENEZIA_SANTA_LUCIA,TRIESTE_CENTRALE,401,526,2,1,2023-10-26
3432,TRIESTE_CENTRALE,VENEZIA_SANTA_LUCIA,320,445,4,1,2023-10-26
3433,VENEZIA_SANTA_LUCIA,TRIESTE_CENTRALE,458,584,0,1,2023-10-26
3434,TRIESTE_CENTRALE,VENEZIA_SANTA_LUCIA,380,505,4,1,2023-10-26
3435,VENEZIA_SANTA_LUCIA,TRIESTE_CENTRALE,580,705,1,1,2023-10-26
3436,TRIESTE_CENTRALE,VENEZIA_SANTA_LUCIA,501,626,5,1,2023-10-26
3437,VENEZIA_SANTA_LUCIA,TRIESTE_CENTRALE,640,765,1,1,2023-10-26
3438,TRIESTE_CENTRALE,VENEZIA_SANTA_LUCIA,555,681,0,1,2023-10-26
3439,VENEZIA_SANTA_LUCIA,TRIESTE_CENTRALE,817,944,0,1,2023-10-26
3440,TRIESTE_CENTRALE,VENEZIA_SANTA_LUCIA,743,868,7,1,2023-10-26
3441,VENEZIA_SANTA_LUCIA,TRIESTE_CENTRALE,940,1065,1,1,2023-10-26
3442,TRIESTE_CENTRALE,VENEZIA_SANTA_LUCIA,858,983,2,1,2023-10-26
3443,VENEZIA_SANTA_LUCIA,TRIESTE_CENTRALE,1059,1184,0,1,2023-10-26
3444,TRIESTE_CENTRALE,VENEZIA_SANTA_LUCIA,975,1101,0,1,2023-10-26
3445,VENEZIA_SANTA_LUCIA,TRIESTE_CENTRALE,1179,1304,0,1,2023-10-26
3446,TRIESTE_CENTRALE,VENEZIA_SANTA_LUCIA,1096,1221,0,1,2023-10-26
3447,VENEZIA_SANTA_LUCIA,TRIESTE_CENTRALE,1359,44,0,1,2023-10-26
3448,TRIESTE_CENTRALE,VENEZIA_SANTA_LUCIA,1156,1281,0,1,2023-10-26
3458,BOLOGNA_C.LE,VERONA_PORTA_NUOVA,431,516,1,1,2023-10-26
3459,VERONA_PORTA_NUOVA,VENEZIA_SANTA_LUCIA,809,897,7,1,2023-10-26
3461,BOLZANO,BOLOGNA_C.LE,298,522,0,1,2023-10-26
3462,VERONA_PORTA_NUOVA,BRENNERO,464,661,0,1,2023-10-26
3463,BRENNERO,VERONA_PORTA_NUOVA,369,558,1,1,2023-10-26
3464,BOLOGNA_C.LE,VERONA_PORTA_NUOVA,431,516,1,1,2023-10-26
3465,VERONA_PORTA_NUOVA,BOLOGNA_C.LE,744,838,0,1,2023-10-26
3466,BOLOGNA_C.LE,VERONA_PORTA_NUOVA,492,577,2,1,2023-10-26
3467,VERONA_PORTA_NUOVA,BOLOGNA_C.LE,809,901,3,1,2023-10-26
3469,BRENNERO,VERONA_PORTA_NUOVA,1148,1337,0,1,2023-10-26
3470,BOLOGNA_C.LE,VERONA_PORTA_NUOVA,1265,1355,0,1,2023-10-26
3472,VENEZIA_SANTA_LUCIA,TREVISO_C.,512,546,1,1,2023-10-26
3476,VENEZIA_SANTA_LUCIA,VICENZA,550,628,32,1,2023-10-26
3477,VERONA_PORTA_NUOVA,VENEZIA_SANTA_LUCIA,327,415,5,1,2023-10-26
3478,VENEZIA_SANTA_LUCIA,VERONA_PORTA_NUOVA,373,461,3,1,2023-10-26
3479,VERONA_PORTA_NUOVA,VENEZIA_SANTA_LUCIA,381,470,0,1,2023-10-26
3482,VENEZIA_SANTA_LUCIA,VERONA_PORTA_NUOVA,436,524,6,1,2023-10-26
3483,VERONA_PORTA_NUOVA,VENEZIA_SANTA_LUCIA,417,497,3,1,2023-10-26
3485,VERONA_PORTA_NUOVA,SAN_BONIFACIO,562,646,68,1,2023-10-26
3486,VENEZIA_SANTA_LUCIA,VERONA_PORTA_NUOVA,492,580,2,1,2023-10-26
3489,VERONA_PORTA_NUOVA,VENEZIA_SANTA_LUCIA,505,593,3,1,2023-10-26
3490,VENEZIA_SANTA_LUCIA,VERONA_PORTA_NUOVA,755,843,25,1,2023-10-26
3492,VENEZIA_SANTA_LUCIA,VERONA_PORTA_NUOVA,794,882,4,1,2023-10-26
3496,VENEZIA_SANTA_LUCIA,VERONA_PORTA_NUOVA,854,942,4,1,2023-10-26
3497,VERONA_PORTA_NUOVA,VENEZIA_SANTA_LUCIA,809,897,7,1,2023-10-26
3498,VENEZIA_SANTA_LUCIA,VERONA_PORTA_NUOVA,912,1000,2,1,2023-10-26
3500,VENEZIA_SANTA_LUCIA,VERONA_PORTA_NUOVA,1090,1178,0,1,2023-10-26
3503,VERONA_PORTA_NUOVA,VENEZIA_SANTA_LUCIA,919,1010,0,1,2023-10-26
3504,VENEZIA_SANTA_LUCIA,VERONA_PORTA_NUOVA,1029,1118,0,1,2023-10-26
3505,VERONA_PORTA_NUOVA,VENEZIA_SANTA_LUCIA,984,1072,2,1,2023-10-26
3506,VENEZIA_SANTA_LUCIA,VERONA_PORTA_NUOVA,1090,1178,0,1,2023-10-26
3507,VERONA_PORTA_NUOVA,VENEZIA_SANTA_LUCIA,1042,1130,0,1,2023-10-26
3508,VENEZIA_SANTA_LUCIA,VERONA_PORTA_NUOVA,1150,1238,0,1,2023-10-26
3512,VENEZIA_SANTA_LUCIA,VERONA_PORTA_NUOVA,1210,1298,0,1,2023-10-26
3515,SACILE,VENEZIA_SANTA_LUCIA,1217,1289,0,1,2023-10-26
